art_id	art_version	art_full	status	description	method	location	notes	created_by	customer
2557	1	2557.1	Open	JC Crane	Screen Print/Heat Transfer	FULL BACK	left chest	abiesiadec	034666
2558	1	2558.1	Open	JC Crane	Screen Print/Heat Transfer	LEFT CHEST	full back	abiesiadec	034666
2552	1	2552.1	Open	Pannell  w/Shadow	Embroidery	LEFT CHEST	BKGN	magan	000055
2553	1	2553.1	Open	Pannell	Embroidery	LEFT CHEST	GN BK	magan	000055
2554	1	2554.1	Open	pannell	Screen Print/Heat Transfer	LEFT CHEST	BK LM	magan	000055
2555	1	2555.1	Open	"Pannell 2C 4""w x 1.27""h"	Screen Print/Heat Transfer	LEFT CHEST	BKGN	magan	000055
2556	1	2556.1	Open	Premier Tree Specialists	Screen Print/Heat Transfer	FULL BACK		abiesiadec	000049
2266	2	2266.2	Approved	"Right Sleeve Flag 3""w WH"	Screen Print/Heat Transfer		WH	mmintz	003101
2514	2	2514.2	Approved	"SB 2026 2C 10.5""w WHRD"	Screen Print/Heat Transfer	CENTER CHEST		mmintz	003101
2515	2	2515.2	Approved	"SB 2026 4C 10.5""w NVFC"	Screen Print/Heat Transfer	CENTER CHEST		mmintz	003101
2516	2	2516.2	Approved	"SB 2026 Volunteer 11""w WH"	Screen Print/Heat Transfer	FULL BACK	"see sponsor list via email ""VOLUNTEER"" across shoulders"	mmintz	003101
2519	2	2519.2	Approved	"SB 2026 Site Lead 11""w WH"	Screen Print/Heat Transfer	FULL BACK		mmintz	003101
2520	2	2520.2	Approved	"SB Rainbow 3""w WH"	Screen Print/Heat Transfer	LEFT SHORT SLEEVE		mmintz	003101
2542	1	2542.1	Open	Ashwood Tree Removal -LC	Screen Print/Heat Transfer	LEFT CHEST	BKGN & All White Needed as colorways	nbond	002384
2543	1	2543.1	Open	Giroux Brothers FB	Screen Print/Heat Transfer	FULL BACK		abiesiadec	000054
2544	1	2544.1	Open	Giroux Brothers LC	Screen Print/Heat Transfer	LEFT CHEST		abiesiadec	000054
2545	1	2545.1	Open	"Capitol Tree 2C 4”w x 1.4""h"	Screen Print/Heat Transfer		4”w X 1.4”h BKWH	magan	021385
2546	1	2546.1	Open	"UAA Horizontal 4""w x 1.5""h WH"	Embroidery	BRIM HAT - CENTER FRONT	"4""w x 1.5""h WH"	magan	002174
2547	1	2547.1	Open	"Straight Cut Tree 4""w x 2.56""h"	Screen Print/Heat Transfer	LEFT CHEST	LM - LIME 4x2.56	magan	001771
2548	1	2548.1	Open	"Straight Cut Tree 12""w x 7.67"""	Screen Print/Heat Transfer	FULL BACK	"GN 12""x7.67"""	magan	001771
2549	1	2549.1	Open	Matty O '26	Embroidery	BRIM HAT - CENTER FRONT		magan	025537
2550	1	2550.1	Open	ENSA 3.5	Embroidery	RIGHT CHEST	"3.5"" - All white logo"	aokrez	002115
2551	1	2551.1	Open	Petzl Tech Partner - 3.25	Embroidery	BICEP RIGHT SLEEVE	"3.25"" - All WH logo"	aokrez	002115
2541	1	2541.1	Open	"Wise Owl 4""w x 1.6""h"	Screen Print/Heat Transfer	CENTER CHEST	archive location RVH	magan	001783
2534	1	2534.1	Open	"Z Tree 3.75"" w X 1.95"" h"	Embroidery	RIGHT CHEST	APP - BZC As Shown - Best Fit	nbond	002384
2535	1	2535.1	Approved	MV Tree 4”w x 1.8”h	Screen Print/Heat Transfer	LEFT CHEST	ADD +60 SATURATION WHEN PRINTING	nbond	002384
2536	1	2536.1	Approved	"93 Clover 2.50"" w X 2.67"" h"	Embroidery	LEFT CHEST		nbond	002384
2537	1	2537.1	Open	"Mariani Design 4""w x 1.48""h"	Embroidery	LEFT CHEST		magan	001165
2538	1	2538.1	Open	"Mariani 3.5"" w X 1.29"" h"	Screen Print/Heat Transfer	LEFT CHEST		magan	001165
2539	1	2539.1	Open	"TW Tree 7""w x 5.35""h"	Screen Print/Heat Transfer	FULL BACK	APP - RT4 GNWHOR	nbond	005701
2540	1	2540.1	Open	"TW Tree 3""w x 1""h"	Screen Print/Heat Transfer	LEFT CHEST	GN	nbond	005701
1622	2	1622.2	Approved	"Mainscape Sunhat 2.31""w GNYWGN"	Embroidery		C6Y - HAT	vrowinsky	003101
2533	1	2533.1	Approved	"NPC 3.50""w x 3.80""h"	Embroidery	LEFT CHEST	"APP - A8G 3.5"" wide"	magan	001286
1346	2	1346.2	Approved	Hi-Five 10”w WH	Screen Print/Heat Transfer		TBZ	vrowinsky	003101
1347	2	1347.2	Approved	"Hi-5 - Hi Five 2.1""w WHGN"	Screen Print/Heat Transfer		RJN	vrowinsky	003101
2522	1	2522.1	Open	White House HVSA FB	Screen Print/Heat Transfer	FULL BACK	full back for hvsa item	abiesiadec	000388
2523	1	2523.1	Approved	"The Arborist 11""w x 3.98""h"	Screen Print/Heat Transfer	FULL BACK		nbond	002384
2524	1	2524.1	Approved	"The Arborist 4""w x 1.44""h"	Screen Print/Heat Transfer	LEFT CHEST		nbond	002384
2525	1	2525.1	Open	"Reliable Tree 11""w x 4.9""h"	Screen Print/Heat Transfer	CENTER CHEST		nbond	002384
2526	1	2526.1	Open	Reliable Tree Service - FB	Screen Print/Heat Transfer	FULL BACK	Black	nbond	002384
2527	1	2527.1	Approved	PTC 3.5”w X 3.06”h	Screen Print/Heat Transfer	LEFT CHEST		nbond	002384
2528	1	2528.1	Approved	PTC 8.67”w X 12”h	Screen Print/Heat Transfer	FULL BACK		nbond	002384
2529	1	2529.1	Approved	"Bottomland Fire 3.5""w x 3.5""h"	Screen Print/Heat Transfer	LEFT CHEST	White Ink - Left Chest	nbond	002384
2530	1	2530.1	Approved	"Arbor Image 4""w x 1.46""h"	Screen Print/Heat Transfer	LEFT CHEST		nbond	002384
2531	1	2531.1	Approved	"Arbor Image 11""w x 4.02""h"	Screen Print/Heat Transfer	FULL BACK		nbond	002384
2532	1	2532.1	Open	"Davey H&S 3.03""w x 3.05""h"	Embroidery	LEFT CHEST	"3"", WH logo"	aokrez	002115
497	2	497.2	Approved	"Hi-5 - Tree 6""w GN"	Screen Print/Heat Transfer		RJL	vrowinsky	003101
2514	1	2514.1	Approved	"SB 2026 2C 10.5""w x 10.95""h"	Screen Print/Heat Transfer	CENTER CHEST		magan	002165
2515	1	2515.1	Approved	"SB 2026 4C 10.5""w x 10.95""h"	Screen Print/Heat Transfer	CENTER CHEST	Center chest.	magan	002165
2516	1	2516.1	Approved	"SB 2026 Volunteer 11""w x 13.26"	Screen Print/Heat Transfer	FULL BACK	"see sponsor list via email ""VOLUNTEER"" across shoulders"	magan	002165
2519	1	2519.1	Approved	"SB 2026 Site Lead 11""w x 13.26"	Screen Print/Heat Transfer	FULL BACK	see email for sponsors.  SITE LEADER across shoulders. WH.	magan	002165
2520	1	2520.1	Approved	"SB Rainbow 3""w x 1.48""h"	Screen Print/Heat Transfer	LEFT SHORT SLEEVE	Rainbow Companies Founding Organization. WH	magan	002165
2521	1	2521.1	Approved	New Bigfoot 3.5”w x 3.57”h	Screen Print/Heat Transfer	LEFT CHEST	as shown	nbond	002384
2507	1	2507.1	Open	"Crane & Canopy 2.9""w x 3.5""h"	Screen Print/Heat Transfer	LEFT CHEST	"Add ""Summit, NJ 908-273-2228"" 2 lines centered under logo."	abiesiadec	000048
2508	1	2508.1	Open	"Crane & Canopy 11""w x 7.27""h"	Screen Print/Heat Transfer	FULL BACK	"Add ""Summit, NJ 908-273-2228"" 2 lines centered under logo."	abiesiadec	000048
2509	1	2509.1	Approved	"Tree Fund 3.20""w x 3.02""h"	Embroidery	LEFT CHEST	Left chest in green	kmakar	020173
2511	1	2511.1	Open	"Clauser Tree 1C 3.5""w x 1.17""h"	Screen Print/Heat Transfer	*SEE PROOF*	White ink Left upper thigh as discussed	bpapsidero	000046
177	3	177.3	Approved	"ISA Member 3.02""w Multi"	Embroidery		B2Q	mmintz	003101
2503	1	2503.1	Approved	Duquesne 2.5”w x 1.47”h	Embroidery			mmintz	023353
2503	2	2503.2	Approved	Duquesne 2.5”w WHOR	Embroidery			mmintz	003101
2504	1	2504.1	Approved	Central CT 3.6”w x 3.34”h	Screen Print/Heat Transfer	LEFT CHEST	BKGN & WHGN logos are needed	aokrez	040608
2505	1	2505.1	Approved	Howard Tree 4”w x 2.05”h	Screen Print/Heat Transfer			mmintz	035779
2505	2	2505.2	Approved	Howard Tree 4”w GD	Screen Print/Heat Transfer			mmintz	003101
2506	1	2506.1	Approved	Howard Tree 11”w x 8.86”h	Screen Print/Heat Transfer			mmintz	035779
2506	2	2506.2	Approved	Howard Tree 11”w GD	Screen Print/Heat Transfer			mmintz	003101
367	3	367.3	Approved	"City Of Lakewood 3""w WHBK"	Embroidery		A3P	mmintz	003101
474	3	474.3	Approved	"Philmont Flannel 1.5"" x 1.74"""	Embroidery		AQJ	vrowinsky	003101
2495	1	2495.1	Approved	"Plant RX 3.52""w x 2.81""h"	Embroidery			nbond	002384
2496	1	2496.1	Approved	"Plant RX 3.5""w x 2.78""h"	Screen Print/Heat Transfer			nbond	002384
2497	1	2497.1	Approved	"PlantRX 2.78""w x 2.22""h"	Embroidery		HAT	nbond	002384
2498	1	2498.1	Approved	"King Tree Spec 4.25"" x 0.89"""	Embroidery			bpapsidero	001065
2499	1	2499.1	Approved	"Princeton Tree 3.25""w x 3.08""h"	Screen Print/Heat Transfer		White and orange ink Remove tagline Left upper thigh placement as discussed	bpapsidero	000045
2500	1	2500.1	Approved	"JL Tree Service 3.19""w x 3.25"""	Screen Print/Heat Transfer		Upper left thigh as discussed	bpapsidero	000004
2501	1	2501.1	Open	Symposium 2026	Embroidery	LEFT CHEST	color match. whatever sizing is necessary for text to be legible.	magan	000039
2502	1	2502.1	Approved	"Symposium 2026 3.5""w x 3.46""h"	Embroidery			magan	000039
2492	1	2492.1	Approved	Prystasz 3.26”w x 2.46”h	Embroidery	LEFT CHEST	Black Thread - BVE	nbond	002384
2493	1	2493.1	Approved	"Arbor IQ 4.01""w x 0.92""h"	Embroidery	LEFT CHEST	As Shown	nbond	002384
2494	1	2494.1	Open	Mariani Landscape 4”w x 0.8”	Screen Print/Heat Transfer	LEFT CHEST	Please remove registration (r) mark.  ~ 4”w X 0.9”	magan	001165
2487	1	2487.1	Approved	"Tree City Arb 3.5”w x 3.38""h"	Screen Print/Heat Transfer	LEFT CHEST	As Shown - Best Fit - Z1B	nbond	002384
2488	1	2488.1	Approved	"Tree City Arb 11""w x 0.6""h"	Screen Print/Heat Transfer	FULL BACK	As Shown - Best Fit	nbond	002384
2489	1	2489.1	Approved	Tree City Arb 0.8”w x 15”h	Screen Print/Heat Transfer	RIGHT LONG SLEEVE	As Shown - Best Fit - Z1D	nbond	002384
2490	1	2490.1	Approved	Tree City Arb 11”w x 10.62”h	Screen Print/Heat Transfer	FULL BACK	As Shown - Best Fit - Z1C	nbond	002384
2491	1	2491.1	Approved	"StanW 3.52""w x 1.76""h"	Embroidery	LEFT CHEST	White Thread - Best Fit	nbond	002384
2477	1	2477.1	Open	"TW Tree Care 10""w x 3.6""h"	Screen Print/Heat Transfer	CENTER CHEST	QQ1 - WH	nbond	005701
2478	1	2478.1	Open	"TW Tree Care 11""w x 7.49""h"	Screen Print/Heat Transfer	FULL BACK	REA - GNWHOR	nbond	005701
2479	1	2479.1	Approved	SavATree Canada 3.5”w X 2.25”h	Screen Print/Heat Transfer			vrowinsky	002398
2480	1	2480.1	Open	High Country Fence	Embroidery	LEFT CHEST	left chest in white	Kmakar	001114
2481	1	2481.1	Approved	High Country Fence 3.5 x 1.93	Embroidery			Kmakar	001114
2482	1	2482.1	Open	High Country Fence	Screen Print/Heat Transfer	LEFT CHEST	left chest white logo	Kmakar	001114
2483	1	2483.1	Approved	High Country Fence 3.5 x 1.9	Screen Print/Heat Transfer			Kmakar	001114
2485	1	2485.1	Open	"Henry's Tree 10""w x 5""h"	Screen Print/Heat Transfer	FULL BACK		nbond	005134
2486	1	2486.1	Open	"Henry's Tree 3.5""w x 1.75""h"	Screen Print/Heat Transfer	LEFT CHEST		nbond	005134
2463	1	2463.1	Approved	"Bourn Tree 4""w x 1.15""h"	Screen Print/Heat Transfer	LEFT CHEST	As shown	nbond	002384
2464	1	2464.1	Approved	"Bourn Tree 9""w x 2.6""h"	Screen Print/Heat Transfer	FULL BACK	As shown	nbond	002384
2465	1	2465.1	Approved	Jensen Tree 3”w X 3.38”h	Screen Print/Heat Transfer			nbond	002384
2466	1	2466.1	Approved	"Baker T&G 2.5""w x 3.19""h"	Screen Print/Heat Transfer	LEFT CHEST	Special Instructions: white logo only please, ignore blue background!	nbond	002384
2467	1	2467.1	Approved	"Baker T&G 10""w x 5""h"	Screen Print/Heat Transfer	FULL BACK	Special Instructions: white logo only please, ignore blue background!	nbond	002384
2468	1	2468.1	Approved	"Excelsior UF 2.65"" x 3.04""h"	Embroidery	LEFT CHEST	As shown - best fit	nbond	002384
2469	1	2469.1	Approved	"Excelsior UF 7""w x 8.28""h"	Screen Print/Heat Transfer	FULL BACK	As Shown - Best Fit	nbond	002384
2470	1	2470.1	Approved	"Bourn Tree 4""w x 1.59""h"	Embroidery	BRIM HAT - CENTER FRONT		nbond	002384
2471	1	2471.1	Approved	"Libby Tree 10""w x 6.9""h"	Screen Print/Heat Transfer	FULL BACK		nbond	002384
2472	1	2472.1	Approved	"Libby Tree 4""w x 1.96""h"	Screen Print/Heat Transfer	LEFT CHEST		nbond	002384
2473	1	2473.1	Approved	"Freedom Tree 9""w x 7.8""h"	Screen Print/Heat Transfer	FULL BACK	Black Ink	nbond	002384
2474	1	2474.1	Approved	Freedom Tree 3.25”w x 2.82”h	Screen Print/Heat Transfer	RIGHT CHEST	Black Ink -T7Q	nbond	002384
2475	1	2475.1	Approved	"Green Goddess 4""w x 1.5""h"	Screen Print/Heat Transfer	LEFT CHEST	White Ink	nbond	002384
2476	1	2476.1	Approved	"Green Goddess 10""w x 3.73""h"	Screen Print/Heat Transfer	FULL BACK	White Ink	nbond	002384
2450	1	2450.1	Approved	"TreeServe 3.5""w x 2""h"	Screen Print/Heat Transfer	*SEE PROOF*	use standard thigh placement on pocket	bpapsidero	043070
2451	1	2451.1	Approved	ArborTech 4”w x 1”h	Screen Print/Heat Transfer	LEFT CHEST		abiesiadec	010487
2452	1	2452.1	Approved	ArborTech 11”w x 2.74”h	Screen Print/Heat Transfer	FULL BACK		abiesiadec	010487
2453	1	2453.1	Approved	Ironwood Power 4”w X 1.61”h	Embroidery			vrowinsky	014905
2454	1	2454.1	Approved	"Ironwood Power 1C 4”w x 1.61""h"	Screen Print/Heat Transfer			vrowinsky	014905
2455	1	2455.1	Approved	"Ironwood 3.5""w X 1.73""h"	Screen Print/Heat Transfer			vrowinsky	014905
2456	1	2456.1	Approved	"Wicked Green 2C 3.5""w x 1.85""h"	Screen Print/Heat Transfer	LEFT CHEST	"FC logo - left chest - 3.5"" wide - no shadow"	aokrez	040608
2457	1	2457.1	Open	"Thrive 2C 3.5""w x 0.73""h"	Screen Print/Heat Transfer			mmintz	040608
2458	1	2458.1	Approved	"Absolute Preci 1.42""w x 0.93""h"	Embroidery	BRIM HAT - FRONT LEFT		nbond	002384
2459	1	2459.1	Approved	Master Dog 3C 2.01”w X 2.14”h	Embroidery	BRIM HAT - FRONT LEFT		nbond	002384
2460	1	2460.1	Open	"Appalachian Tree 9.35""w x 11""h"	Screen Print/Heat Transfer	FULL BACK	White INk	nbond	002384
2461	1	2461.1	Open	"Appalachian Tree 3.5""w x 2.9""h"	Screen Print/Heat Transfer	LEFT CHEST	White Ink	nbond	002384
2462	1	2462.1	Open	"The Tree Guy 8""w x 7.87""h"	Screen Print/Heat Transfer	FULL BACK	As Shown - Please ensure that it doesnt run out onto the reflective stripe	nbond	002384
2429	1	2429.1	Approved	D.C. Lawn Care 12”w X 8.82”h	Screen Print/Heat Transfer	FULL BACK	RWH	nbond	000558
2430	1	2430.1	Approved	D.C. Lawn Care 3.75”w X 2.75”h	Screen Print/Heat Transfer		RWG	nbond	000558
2431	1	2431.1	Approved	"DC Lawn Care 12""w X 12""h"	Screen Print/Heat Transfer	FULL BACK	RF2	nbond	000558
2432	1	2432.1	Approved	"DC Lawn Care 3.5""w X 3.5""h"	Screen Print/Heat Transfer		RGW	nbond	000558
2433	1	2433.1	Approved	Eastside Personalization-name	Emb Personalization		Font. Block. Green thread.	magan	000620
2434	1	2434.1	Approved	"Clearview 4""w x 2.79""h"	Screen Print/Heat Transfer		NEED BLACK	aokrez	030830
2435	1	2435.1	Approved	"Clearview w/ Phone 11""w x 9""h"	Screen Print/Heat Transfer	FULL BACK		aokrez	030830
2440	1	2440.1	Approved	"Thrive - Victoria 3.5""w x 1.13"	Screen Print/Heat Transfer	BICEP RIGHT SLEEVE	Under logo they would like text saying: Return to Victoria. WH print	aokrez	040608
2441	1	2441.1	Approved	"Wicked Green 3.5""w x 1.85""h"	Screen Print/Heat Transfer		WHGN logo	aokrez	040608
2442	1	2442.1	Open	"Wicked Green 3.50""w x 1.92""h"	Embroidery	LEFT CHEST	"Need a WH logo & BKGN logo - 3.5"" wide. WH on blacktop polo"	aokrez	040608
2443	1	2443.1	Approved	"Thrive 1C 3.5""w x 0.73""h"	Screen Print/Heat Transfer	LEFT CHEST	WH & LMGN logo needed. WH proofed on fgrn	aokrez	040608
2444	1	2444.1	Approved	"Thrive 3.00""w x 0.63""h"	Embroidery	LEFT CHEST		aokrez	040608
2445	1	2445.1	Open	"Payne & Tompkins 3.75” X 1.07"""	Screen Print/Heat Transfer			vrowinsky	001434
2446	1	2446.1	Approved	Teed & Brown 3.5”w x 2.16”h	Screen Print/Heat Transfer			mmintz	040608
2447	1	2447.1	Approved	Perfection Lawn 3.5”w x 0.89”h	Screen Print/Heat Transfer			mmintz	040608
2448	1	2448.1	Approved	Perfection Lawn 8.10”w x 7”h	Screen Print/Heat Transfer			mmintz	040608
2449	1	2449.1	Approved	"Langs HAT 2.96""w x 2.22""h"	Embroidery			vrowinsky	040608
2426	1	2426.1	Approved	"Philmont Staff 2.10""w x 2.02""h"	Embroidery		HAT	vrowinsky	001450
2426	2	2426.2	Approved	"Philmont Staff 2.10""w GY"	Embroidery		HAT	vrowinsky	003101
2427	1	2427.1	Open	"I Am Behind SB 4""w x 2.88""h"	Screen Print/Heat Transfer	*SEE PROOF*		magan	002165
2428	1	2428.1	Approved	"TreeServe 4""w x 2.5""h"	Screen Print/Heat Transfer	LEFT CHEST	2955 C, 555 C, and 7490 C	bpapsidero	043070
2416	1	2416.1	Approved	"Tree Geeks 10""w x 11.2""h"	Screen Print/Heat Transfer			nbond	002384
2417	1	2417.1	Approved	Huntington Bank Field 12 x 8.9	Screen Print/Heat Transfer	FULL BACK		abiesiadec	000949
2418	1	2418.1	Approved	"Browns Helmet 3""w x 2.57""h"	Screen Print/Heat Transfer	BICEP RIGHT SLEEVE		abiesiadec	000949
2419	1	2419.1	Open	Garden Continuum	Screen Print/Heat Transfer	LEFT CHEST	DUPLICATE: 1353.1  Lime Orange - VN logo RBQ	abiesiadec	000749
2420	1	2420.1	Approved	"SNS Lawncare 11""w x 4.59""h"	Screen Print/Heat Transfer			abiesiadec	001718
2421	1	2421.1	Approved	PSA Philmont 1.97”w x 2.02”h	Embroidery			mmintz	001450
2422	1	2422.1	Approved	Tree Trust 1C 3.5”w x 1.53”h	Screen Print/Heat Transfer		s1z	mmintz	001914
2424	1	2424.1	Approved	"Yard Smart 3.5""w x 1.62""h"	Screen Print/Heat Transfer	LEFT CHEST	Green needed for athletic gray. But white needed for the black and green garments.	abiesiadec	000328
2425	1	2425.1	Approved	Yard Smart 3.51”w x 1.69”h	Embroidery			abiesiadec	000328
2403	1	2403.1	Approved	"Arbor IQ 4""w x 0.92""h"	Screen Print/Heat Transfer			nbond	002384
2404	1	2404.1	Approved	Potomac River 4”w x 2.12”h	Screen Print/Heat Transfer			nbond	002384
2405	1	2405.1	Approved	Potomac River 11”w x 7.8”h	Screen Print/Heat Transfer			nbond	002384
2406	1	2406.1	Approved	Tree Geeks 2.7”w x 3”h	Screen Print/Heat Transfer			nbond	002384
2407	1	2407.1	Approved	"Scapes Builders 2""w x 2.19""h"	Screen Print/Heat Transfer			nbond	002384
2408	1	2408.1	Approved	Full Tilt 4”w x 1.2”h	Screen Print/Heat Transfer		Just lime green logo on front left chest	nbond	002384
2409	1	2409.1	Approved	Full Tilt 2C 10”w x 5.72”h	Screen Print/Heat Transfer		Black logo on back with lime green edges on all letters/numbers to make logo pop against dark garment.	nbond	002384
2410	1	2410.1	Approved	"Meshsu Tribal 3""w x 2.99""h"	Screen Print/Heat Transfer			nbond	002384
2411	1	2411.1	Approved	"NJCRANEEXPERT.COM 3.5""w x 3.05"	Screen Print/Heat Transfer			mmintz	002550
2411	2	2411.2	Approved	"NJCRANEEXPERT.COM 3.5""w BK"	Screen Print/Heat Transfer			mmintz	003101
2411	3	2411.3	Approved	"NJCRANEEXPERT.COM 3.5""w WH"	Screen Print/Heat Transfer			mmintz	003101
2412	1	2412.1	Approved	"NJCRANEEXPERT.COM 10.5"" x 10.2"	Screen Print/Heat Transfer			mmintz	002550
2412	2	2412.2	Approved	"NJCRANEEXPERT.COM 10.5"" BK"	Screen Print/Heat Transfer			mmintz	003101
2412	3	2412.3	Approved	"NJCRANEEXPERT.COM 10.5"" WH"	Screen Print/Heat Transfer			mmintz	003101
2413	1	2413.1	Open	"Timberghost 3.5""w x 3.5""h"	Screen Print/Heat Transfer			magan	000022
2414	1	2414.1	Open	"Timberghost 11""w x 11""h"	Screen Print/Heat Transfer			magan	000022
2415	1	2415.1	Approved	"NJCRANEEXPERT.COM 3.4"" x 3.03"	Embroidery			vrowinsky	002550
2415	2	2415.2	Approved	"NJCRANEEXPERT.COM 3.4"" WH"	Embroidery			vrowinsky	002550
2399	1	2399.1	Approved	"BHB 3""w x 3.45""h"	Screen Print/Heat Transfer			nbond	002384
2400	1	2400.1	Approved	Integral Habitats 3”w x 2.98”h	Screen Print/Heat Transfer			nbond	002384
2401	1	2401.1	Approved	"FV Confluence 10.5""w x 6.75""h"	Screen Print/Heat Transfer			nbond	002384
2402	1	2402.1	Approved	"America 250 HAT 3.77"" x 1.61""h"	Embroidery	BRIM HAT - CENTER FRONT		nbond	018886
2388	1	2388.1	Approved	ISA Southern 3.76”w x 0.54”h	Embroidery		HAT	abiesiadec	001728
2389	1	2389.1	Approved	"H20bsessed 10.5""w x 2.48""h"	Screen Print/Heat Transfer			aokrez	002115
2390	1	2390.1	Approved	Respect the Pattern 10.5 x 3.8	Screen Print/Heat Transfer			aokrez	002115
2391	1	2391.1	Approved	"Mowtivated 10.5""w x 5.9""h"	Screen Print/Heat Transfer			aokrez	002115
2392	1	2392.1	Approved	"Ground Control 9""w x 8.5""h"	Screen Print/Heat Transfer			aokrez	002115
2394	1	2394.1	Approved	"Kenston Cheer F26 3""w x 2.58""h"	Screen Print/Heat Transfer	LEFT CHEST		bpapsidero	003486
2395	1	2395.1	Approved	Kenston Cheer Youth PZ	SP/HT Personalization	RIGHT LONG SLEEVE	Block font, all caps, white ink. See emailed example for style if possible.	bpapsidero	003486
2396	1	2396.1	Approved	"Kenston Cheer F26 4""w x 3.44""h"	Screen Print/Heat Transfer	LEFT CHEST		bpapsidero	003486
2397	1	2397.1	Open	Company Name PZ	SP/HT Personalization	RIGHT LONG SLEEVE	Block font / white ink / see example for font style	bpapsidero	003486
2398	1	2398.1	Approved	Kenston Cheer PZ	SP/HT Personalization	RIGHT LONG SLEEVE		bpapsidero	003486
2377	1	2377.1	Approved	Mariani (Updated) 4”w X 0.9”	Embroidery		Hat/Chest DST	magan	001165
2378	1	2378.1	Approved	"NE Lawn Care 3.5""w x 1.3""h"	Embroidery			aokrez	040608
2380	1	2380.1	Approved	"Teachers Tree 10""w x 9.78""h"	Screen Print/Heat Transfer			abiesiadec	003233
2381	1	2381.1	Approved	"NE Lawn Care 3.5"" x 1.28""h"	Screen Print/Heat Transfer			aokrez	040608
2382	1	2382.1	Approved	"NE Lawn Care 10""w x 3.63""h"	Screen Print/Heat Transfer	FULL BACK		aokrez	040608
2383	1	2383.1	Approved	"NE Lawn Hat 4.02""w x 1.48""h"	Embroidery	BRIM HAT - CENTER FRONT	"Remove ""Inc"" and center Lawn Care. GN logo. I have customer supplied example pics. Size to fit on hat"	aokrez	040608
2384	1	2384.1	Approved	"Tower Pit 3.49""w x 2.18""h"	Embroidery			magan	000024
2385	1	2385.1	Approved	"Thrive 3""w x 0.73""h"	Screen Print/Heat Transfer			aokrez	040608
2386	1	2386.1	Approved	"Thrive Pit Crew 9""w x 6.49""h"	Screen Print/Heat Transfer	CENTER CHEST		aokrez	040608
2372	1	2372.1	Approved	"ETNA Leather 3.75"" x 1.55""h"	Hat Press Heat Press	BRIM HAT - CENTER FRONT		abiesiadec	000028
2374	1	2374.1	Approved	"Sure Shot 3.75""w x 1.78""h"	Screen Print/Heat Transfer			nbond	002384
2375	1	2375.1	Approved	"Sure Shot 10""w x 11.5""h"	Screen Print/Heat Transfer			nbond	002384
2349	1	2349.1	Approved	"Moore Bridger 11""w x 7.03""h"	Screen Print/Heat Transfer			nbond	002384
2350	1	2350.1	Approved	Moore Bridger 4”w X 2.55”h	Screen Print/Heat Transfer			nbond	002384
2351	1	2351.1	Approved	"Brooks Arborist 2.88""w x 3.25"""	Screen Print/Heat Transfer			nbond	002384
2352	1	2352.1	Approved	"Brooks Arborist 9.74""w x 11""h"	Screen Print/Heat Transfer	FULL BACK		nbond	002384
2353	1	2353.1	Approved	"Mercer w/ Phone 9""w x 9.48""h"	Screen Print/Heat Transfer	FULL BACK		nbond	002384
2354	1	2354.1	Approved	"Mercer Tree 3.35""w x 3""h"	Screen Print/Heat Transfer			nbond	002384
2355	1	2355.1	Approved	Mercer Badge 10”w X 10.53”h	Screen Print/Heat Transfer	FULL BACK	Black Ink - Best Fit	nbond	002384
2356	1	2356.1	Approved	"Mercer - Text 10”w X 2.5""h"	Screen Print/Heat Transfer			nbond	002384
2357	1	2357.1	Approved	Mercer M 3”w X 2.53”h	Screen Print/Heat Transfer			nbond	002384
2359	1	2359.1	Approved	"Tower Pit 9""w x 5.6""h"	Screen Print/Heat Transfer		Full Back	magan	000024
2360	1	2360.1	Approved	"Tower Pit 3.5""w x 2.17""h"	Screen Print/Heat Transfer		Left Chest	magan	000024
2362	1	2362.1	Approved	Eastside TreeWorks 2.99 x 2.32	Embroidery			vrowinsky	000620
2363	1	2363.1	Approved	"Arborist Trainer 1.09"" x 13.26"	Screen Print/Heat Transfer	*SEE PROOF*	SEE PROOF FOR PLACEMENT. Same logo as 2364	nhollis	002120
2364	1	2364.1	Approved	"Arborist Trainer 1.09"" x 13.26"	Screen Print/Heat Transfer	*SEE PROOF*	SEE PROOF FOR PLACEMENT Same logo as 2363	nhollis	002120
2365	1	2365.1	Approved	"AT Arb Trainer 8"" x 4.39"""	Screen Print/Heat Transfer	FULL BACK		nhollis	002120
2366	1	2366.1	Approved	"Safe Drone Sol 3.77""w x 0.95""h"	Embroidery			nbond	002384
2369	1	2369.1	Approved	"Athens Tree 12""w x 8.5""h"	Screen Print/Heat Transfer		Best Fit - Black Ink (New logo, not RPR)	nbond	002384
2370	1	2370.1	Approved	"North Star 3.5""w x 2.2""h"	Screen Print/Heat Transfer			aokrez	032813
2335	1	2335.1	Approved	Vegetation Tech 4.01”w X 0.99”	Embroidery			vrowinsky	030827
2336	1	2336.1	Approved	"Arborist Trainer 7""w x 0.47""h"	Screen Print/Heat Transfer	*SEE PROOF*	Add Arborist Trainer underneath the Bartlett logo on the back	nhollis	002120
2337	1	2337.1	Approved	Vegetation Tech 4”w X 0.95”h	Screen Print/Heat Transfer			vrowinsky	030827
2338	1	2338.1	Approved	Vegetation Tech 10”w X 2.36”h	Screen Print/Heat Transfer			vrowinsky	030827
2339	1	2339.1	Approved	"Grass Monkey 3.02""w x 3.08"""	Embroidery			aokrez	040608
2340	1	2340.1	Approved	"Grass Monkey 3""w x 3.07""h"	Screen Print/Heat Transfer			aokrez	040608
2341	1	2341.1	Open	"Rockingham 3.62""w x 0.43""h"	Embroidery			aokrez	040608
2343	1	2343.1	Open	"Rockingham 3.5""w x 0.44""h"	Screen Print/Heat Transfer			aokrez	040608
2345	1	2345.1	Approved	Davey Personalization - Name	Emb Personalization	BICEP LEFT SLEEVE	Block font - White thread	aokrez	032813
2346	1	2346.1	Approved	"Pray For America 3.76""w X 0.72"	Embroidery			vrowinsky	018886
2347	1	2347.1	Approved	"Dave Joyce US Cong 2""w X 1.75"""	Embroidery			vrowinsky	018886
2348	1	2348.1	Approved	Vermillion HVSA 8”w x 2.18”h	Screen Print/Heat Transfer			mmintz	000632
2331	1	2331.1	Approved	Natural Direction 3.54”w x 1.9	Embroidery			mmintz	002115
2332	1	2332.1	Approved	Natural Direct 1C 3.54”w x 1.9	Embroidery			mmintz	002115
2333	1	2333.1	Approved	"Americorps 2""w x 2""h"	Screen Print/Heat Transfer			mmintz	002118
2333	2	2333.2	Approved	"Americorps 2""w WH"	Screen Print/Heat Transfer			mmintz	003101
2334	1	2334.1	Approved	"SCA Alumni 9.25""w x 9.25""h"	Screen Print/Heat Transfer			vrowinsky	034240
2334	2	2334.2	Approved	"SCA Alumni 9.25""w BK"	Screen Print/Heat Transfer			vrowinsky	003101
2330	1	2330.1	Approved	"Hunter Farms 3.52""w x 1.11""h"	Embroidery	BRIM HAT - CENTER FRONT	Hat	abiesiadec	000928
2326	1	2326.1	Approved	Perfection Lawn 3.51”w X 0.91”	Embroidery			vrowinsky	040608
2327	1	2327.1	Approved	"Teachers Tree 3.25""w x 3.17""h"	Screen Print/Heat Transfer			abiesiadec	003233
2328	1	2328.1	Approved	STHVW Personalization Hat	Emb Personalization	*SEE PROOF*	HAT	magan	033403
2329	1	2329.1	Approved	ISA Southern 3.26”w X 3.67”h	Embroidery			bpapsidero	001728
2298	1	2298.1	Approved	Budding Trees 3”w x 3”h	Screen Print/Heat Transfer			mmintz	042304
2299	1	2299.1	Approved	Budding Trees 10”w x 11.98”h	Screen Print/Heat Transfer			mmintz	042304
2300	1	2300.1	Approved	Budding Trees 3.5”w x 0.98”h	Screen Print/Heat Transfer			mmintz	042304
2301	1	2301.1	Approved	Monarch 4.02”w x 2.07”h	Embroidery		Hat/Chest	vrowinsky	002256
2302	1	2302.1	Approved	Budding Trees 3”w x 3”h	Screen Print/Heat Transfer			mmintz	042304
2303	1	2303.1	Approved	Budding Trees 10”w x 11.98”h	Screen Print/Heat Transfer			mmintz	042304
2304	1	2304.1	Approved	Budding Trees 7”w x 8.38”h	Screen Print/Heat Transfer			mmintz	042304
2305	1	2305.1	Approved	"Bodhi Tree Care 3.5""w x 1""h"	Screen Print/Heat Transfer			mmintz	047864
2306	1	2306.1	Approved	Bodhi Tree Care 10”w x 7.4”h	Screen Print/Heat Transfer			mmintz	047864
2307	1	2307.1	Approved	Mid TN Lumber 3.75”w x 2.1”h	Screen Print/Heat Transfer			mmintz	001218
2308	1	2308.1	Approved	"Pennline ® 1C 9""w x 2.25""h"	Screen Print/Heat Transfer			mmintz	002170
2309	1	2309.1	Approved	Trees Of Heaven 1C 4”w x 2.12”	Screen Print/Heat Transfer			mmintz	046854
2310	1	2310.1	Approved	Tree60 4.5”w x 2.33”h	Screen Print/Heat Transfer			mmintz	038901
2311	1	2311.1	Approved	Tree60 11”w x 5.69”h	Screen Print/Heat Transfer			mmintz	038901
2312	1	2312.1	Approved	"Tree Smith Ann Arbor 6” x 5.9"""	Screen Print/Heat Transfer			mmintz	010976
2313	1	2313.1	Approved	"Tree Smith Ann Arb 10” x 9.94"""	Screen Print/Heat Transfer			mmintz	010976
2317	1	2317.1	Approved	"Turk Construction 13.5""w x 4""h"	Screen Print/Heat Transfer			mmintz	016673
2318	1	2318.1	Approved	"Utility Arborist LLC 4” x 1.2"""	Screen Print/Heat Transfer			mmintz	038219
2319	1	2319.1	Approved	"Universal Door Sys 4”w x 1.47"""	Screen Print/Heat Transfer			mmintz	043231
2320	1	2320.1	Approved	Vintage Wine 10”w x 7.78”h	Screen Print/Heat Transfer			mmintz	003976
2321	1	2321.1	Open	EMB Quote Placeholder	Embroidery			vrowinsky	*
2322	1	2322.1	Open	SCRN Quote Placeholder	Screen Print/Heat Transfer			vrowinsky	*
2323	1	2323.1	Approved	Vintage Wine 10”w x 11.34”h	Screen Print/Heat Transfer			mmintz	003976
2287	1	2287.1	Approved	"TCIA Accredited 3.5""w x 3""h"	Embroidery			vrowinsky	001817
2288	1	2288.1	Approved	"All 3.5""w x 0.93""h"	Screen Print/Heat Transfer			mmintz	000081
2289	1	2289.1	Approved	A Cut Above 4”w x 1.9”h	Screen Print/Heat Transfer			mmintz	046328
2290	1	2290.1	Approved	Teed & Brown 3.53”w x 2.19”h	Embroidery			aokrez	040608
2291	1	2291.1	Approved	American Arborcare 1.95”w x 3”	Screen Print/Heat Transfer		BK	mmintz	000109
2292	1	2292.1	Approved	CVA Geoscientists 3”w x 2.06”h	Screen Print/Heat Transfer			mmintz	040692
2293	1	2293.1	Approved	Alabama Arbor 2.5”w x 2”h	Screen Print/Heat Transfer			mmintz	037238
2294	1	2294.1	Approved	A Cut Above 4”w x 1.5”h	Screen Print/Heat Transfer			mmintz	046328
2295	1	2295.1	Approved	Arbor Equity 4”w x 1.49”h	Screen Print/Heat Transfer			mmintz	000152
2296	1	2296.1	Approved	"Happy Tree 3.5""w x 2.4""h"	Screen Print/Heat Transfer			nbond	004563
2297	1	2297.1	Approved	"Happy Tree 11""w x 3""h"	Screen Print/Heat Transfer			nbond	004563
2286	1	2286.1	Approved	"Davey H&S 3""w x 3""h"	Screen Print/Heat Transfer			aokrez	002115
2229	1	2229.1	Approved	Hercules Tree 10.5”w x 2.7”h	Screen Print/Heat Transfer			mmintz	030079
2230	1	2230.1	Approved	Tree Pro 2C 11”w x 4.17”h	Screen Print/Heat Transfer			mmintz	004419
2231	1	2231.1	Approved	Tree Pro 2C 4”w x 1.52”h	Screen Print/Heat Transfer			mmintz	004419
2232	1	2232.1	Approved	Tree Care Inc. 3.37”w x 2.26”h	Screen Print/Heat Transfer			mmintz	001879
2233	1	2233.1	Approved	"Tree Care Inc. 8.25""w x 5.5""h"	Screen Print/Heat Transfer			mmintz	001879
2234	1	2234.1	Approved	Tree Care Austin 10”w x 2.5”h	Screen Print/Heat Transfer			mmintz	024664
2235	1	2235.1	Approved	"Tree Care Austin 2.6""w x 3.5""h"	Screen Print/Heat Transfer			mmintz	024664
2236	1	2236.1	Approved	Tree Lounge 4”w X 2.62”h	Screen Print/Heat Transfer			vrowinsky	041003
2237	1	2237.1	Approved	"AI Arborist 3""w x 3.4""h"	Screen Print/Heat Transfer			mmintz	046543
2238	1	2238.1	Approved	"AI Arb Hourglass 4""w x 1.7""h"	Screen Print/Heat Transfer			mmintz	046543
2239	1	2239.1	Approved	AI Arborist 10”w x 11.6”h	Screen Print/Heat Transfer			mmintz	046543
2240	1	2240.1	Approved	Tree Lounge 11”w X 10.15”h	Screen Print/Heat Transfer			vrowinsky	041003
2241	1	2241.1	Approved	"Vegetation Control 4""w x .7""h"	Screen Print/Heat Transfer			mmintz	001989
2242	1	2242.1	Approved	"Vegetation Control 11""w x 4.3"""	Screen Print/Heat Transfer			mmintz	001989
2243	1	2243.1	Approved	Valley Farmstead 11”w x 10”h	Screen Print/Heat Transfer			mmintz	044494
2244	1	2244.1	Approved	"Valley Farmstead 4""w x 3.6""h"	Screen Print/Heat Transfer			mmintz	044494
2245	1	2245.1	Approved	Wright S.E.T. 3.5”w x 2.28”h	Screen Print/Heat Transfer			mmintz	002331
2246	1	2246.1	Approved	CEI Certified 3.5”w X 1.29”h	Screen Print/Heat Transfer			vrowinsky	010402
2247	1	2247.1	Approved	"Wachtel 4""w x 2.25""h"	Screen Print/Heat Transfer			mmintz	002016
2248	1	2248.1	Approved	Wooten Tree 1C 3.5”w x 3.88”h	Screen Print/Heat Transfer			mmintz	035798
2249	1	2249.1	Approved	"Westerville Outline 3.5”w x 3"""	Screen Print/Heat Transfer			mmintz	002046
2250	1	2250.1	Approved	Westerville 3.44”w x 3”h	Screen Print/Heat Transfer			mmintz	002046
2251	1	2251.1	Approved	Treemasters 3.75”w X 2.19”h	Screen Print/Heat Transfer			vrowinsky	001892
2252	1	2252.1	Approved	"WRLC Staff 1C 4""w x 5""h"	Screen Print/Heat Transfer			mmintz	002045
2253	1	2253.1	Approved	Treemasters 11”w X 6.44”h	Screen Print/Heat Transfer			vrowinsky	001892
2254	1	2254.1	Approved	Wilmington NC 8”w x 1.77”h	Screen Print/Heat Transfer			mmintz	041767
2256	1	2256.1	Approved	Wade Roofing 3.75”w x 1.52”h	Screen Print/Heat Transfer			mmintz	001264
2257	1	2257.1	Approved	Woodlawns 8”w x 2.1”h	Screen Print/Heat Transfer			mmintz	041387
2258	1	2258.1	Approved	Woodlawns 3.75”w x 0.98”h	Screen Print/Heat Transfer			mmintz	041387
2259	1	2259.1	Approved	Tree Tech PHC 3.5”w X 1.88”h	Screen Print/Heat Transfer			vrowinsky	001911
2260	1	2260.1	Approved	"Winfield United 3""w x 0.71""h"	Screen Print/Heat Transfer			mmintz	002070
2261	1	2261.1	Approved	"Zielies 2C 12""w x 10.26""h"	Screen Print/Heat Transfer			mmintz	002111
2262	1	2262.1	Approved	"Vegetation Control 3.5""w x .6"""	Embroidery			abiesiadec	001989
2263	1	2263.1	Approved	Zimmerman 11”w x 4”h	Screen Print/Heat Transfer			mmintz	044494
2264	1	2264.1	Approved	"Zimmerman 4""w x 1.49""h"	Screen Print/Heat Transfer			mmintz	044494
2265	1	2265.1	Approved	"Reverse US Flag 3""w x 1.81""h"	Screen Print/Heat Transfer			mmintz	*
2266	1	2266.1	Approved	"Right Sleeve Flag 3""w x 1.5""w"	Screen Print/Heat Transfer		WH	mmintz	*
2267	1	2267.1	Approved	Arbor Man LLC 4”w x .62”h	Screen Print/Heat Transfer			magan	000170
2269	1	2269.1	Approved	NW Line JATC 3.5”w X 3.45”h	Screen Print/Heat Transfer			vrowinsky	000019
2270	1	2270.1	Approved	Mickman Brothers 2.5” x 1.72”	Embroidery			aokrez	002387
2271	1	2271.1	Approved	AmeriCorps Alaska 11”w x 8”h	Screen Print/Heat Transfer			mmintz	002118
2272	1	2272.1	Approved	"Concrete Engv 3.75""w x 1.35""h"	Screen Print/Heat Transfer			mmintz	000485
2273	1	2273.1	Approved	"Concrete Engv 9.5""w x 6.17""h"	Screen Print/Heat Transfer			mmintz	000485
2274	1	2274.1	Approved	"Carroll White House 10"" x 13.2"	Screen Print/Heat Transfer			mmintz	000388
2275	1	2275.1	Approved	"Carroll Pres Flag 3""w x 2""h"	Screen Print/Heat Transfer			mmintz	000388
2277	1	2277.1	Approved	"Carroll Lincoln 9.1”w x 11""h"	Screen Print/Heat Transfer			mmintz	000388
2278	1	2278.1	Approved	Clark's Tree 7”w x 7.35”h	Screen Print/Heat Transfer			mmintz	033688
2279	1	2279.1	Approved	CC Arboretum 11”w x 1.4”h	Screen Print/Heat Transfer			mmintz	012930
2280	1	2280.1	Approved	"Crawford Tree 11""w x 4.09""h"	Screen Print/Heat Transfer			mmintz	000510
2282	1	2282.1	Approved	"Planet Green 11""w x 8.18""h"	Screen Print/Heat Transfer			bpapsidero	021960
2283	1	2283.1	Approved	Flag + ISA Member	Screen Print/Heat Transfer	BICEP LEFT SLEEVE	US Flag stacked over ISA Member logo  - see photo - forest green ink (match to garment)	bpapsidero	021960
2215	1	2215.1	Approved	"Mobilize Green 2.73""w x 3.75""h"	Screen Print/Heat Transfer			vrowinsky	002346
2216	1	2216.1	Approved	"Mobilize Green 1C 10""w x 1.77"""	Screen Print/Heat Transfer			vrowinsky	002346
2217	1	2217.1	Approved	Mobilize Green 4.02”w X 0.72”	Embroidery			vrowinsky	002346
2218	1	2218.1	Approved	Big Sky Mt Op 2.4”w x 3”h	Screen Print/Heat Transfer			magan	020207
2220	1	2220.1	Approved	"Tall Timbers 3.5""w x 0.89""h"	Screen Print/Heat Transfer			mmintz	004046
2221	1	2221.1	Approved	Tree Rx Denver 3.71”w x 4”h	Screen Print/Heat Transfer			mmintz	042399
2222	1	2222.1	Approved	Tree Rx 8”w x 8.58”h	Screen Print/Heat Transfer			mmintz	042399
2223	1	2223.1	Approved	Timber Ridge 1C 2.64”w x 3.25”	Screen Print/Heat Transfer			mmintz	012767
2224	1	2224.1	Approved	Timber Ridge 1C 11”w x 3.67”h	Screen Print/Heat Transfer			mmintz	012767
2225	1	2225.1	Approved	Timber Ridge 8”w x 2.67”h	Screen Print/Heat Transfer			mmintz	012767
2226	1	2226.1	Approved	Treemovers 4”w x 1.4”h	Screen Print/Heat Transfer			mmintz	001615
2227	1	2227.1	Approved	Treemovers 11”w x 3.84”h	Screen Print/Heat Transfer			mmintz	001615
2228	1	2228.1	Approved	SCRIPT - Personalization	Screen Print/Heat Transfer			vrowinsky	*
2207	1	2207.1	Approved	"Trail Conservancy 3.5""w x 2""h"	Screen Print/Heat Transfer			mmintz	046357
2208	1	2208.1	Approved	"Tall Timbers 10""w x 3.07""h"	Screen Print/Heat Transfer			mmintz	004046
2209	1	2209.1	Approved	Tree Bee 4”w x 1.92”h	Screen Print/Heat Transfer			mmintz	016410
2210	1	2210.1	Approved	Tree Bee 11”w x 5.29”h	Screen Print/Heat Transfer			mmintz	016410
2211	1	2211.1	Open	EMB Personalization - Script	Emb Personalization			vrowinsky	*
2212	1	2212.1	Approved	"Knothead 3.75""w x 2.53""h"	Screen Print/Heat Transfer		Match ink to logo colors as close as possible	bpapsidero	001069
2213	1	2213.1	Approved	"Knothead 3.75""w x 2.55""h"	Embroidery		Match thread colors to logo as close as possible	bpapsidero	001069
2203	1	2203.1	Approved	"Brotherhood of Elec 4""w x 4""h"	Embroidery			mmintz	030205
2203	2	2203.2	Approved	"Brotherhood of Elec 4""w WH"	Embroidery			mmintz	003101
2205	1	2205.1	Approved	"Under Canvas 4""w x .87""h"	Embroidery			vrowinsky	002173
2205	2	2205.2	Approved	"Under Canvas 4""w WH"	Embroidery			vrowinsky	003101
1174	2	1174.2	Approved	Arborwear Pocket 3”w SO	Screen Print/Heat Transfer		Z16	mmintz	003101
1614	2	1614.2	Approved	3C Climber 8”w YWORRD	Screen Print/Heat Transfer		TLK	mmintz	003101
1618	2	1618.2	Approved	Arborwear Badge 10”w BR	Screen Print/Heat Transfer		TLN	mmintz	003101
1847	2	1847.2	Approved	Arborwear SawDust 11”w YW	Screen Print/Heat Transfer		TNC	mmintz	003101
1847	3	1847.3	Approved	Arborwear SawDust 11”w GY	Screen Print/Heat Transfer		TNC	mmintz	003101
1848	2	1848.2	Approved	Arborwear Treeline 10”w GNGY	Screen Print/Heat Transfer		TP6	mmintz	003101
2190	2	2190.2	Approved	Hang In There 12”w GN	Screen Print/Heat Transfer			mmintz	003101
2197	1	2197.1	Approved	"Dueling Chainsaw 13.25""w x 8.5"	Screen Print/Heat Transfer			mmintz	003101
2197	2	2197.2	Approved	"Dueling Chainsaw 13.25""w SOWH"	Screen Print/Heat Transfer			mmintz	003101
2200	1	2200.1	Approved	Treemasters 4.02”w x 0.46”h	Embroidery			mmintz	001892
2201	1	2201.1	Approved	Treemasters Icon 1.51”w x 1.52	Embroidery		https://www.proofstuff.com/login/review.php?Proof=0993b7d4bb7eeebd90e7e6023343f7e126&AA=1&SN=TWFja2VuemllIEFnYW4=&SE=bWFnYW5AYXJib3J3ZWFyLmNvbQ==&GC=1	mmintz	001892
2202	1	2202.1	Approved	"Caliber 4""w x 2.59""h"	Screen Print/Heat Transfer			abiesiadec	033081
2191	1	2191.1	Approved	"Finkeldey 4""w x 1.5""h"	Screen Print/Heat Transfer			nbond	002384
2192	1	2192.1	Approved	"Finkeldey 10""w x 3.95""h"	Screen Print/Heat Transfer			nbond	002384
1186	2	1186.2	Approved	Arborwear Cherub 9”w WHFC	Screen Print/Heat Transfer		TAB	mmintz	003101
1616	2	1616.2	Approved	Tree Ring 10.5”w NVBL	Screen Print/Heat Transfer		TLJ	vrowinsky	003101
1617	2	1617.2	Approved	"Leaf Map 9.25""w BKGN"	Screen Print/Heat Transfer		TLM	mmintz	003101
1628	2	1628.2	Approved	"Kent Forestry 3.51""w WHGNBR"	Embroidery		A75	vrowinsky	001051
1849	2	1849.2	Approved	"Arborwear Tag (S) 2""w WH"	Screen Print/Heat Transfer		TMK	mmintz	003101
1850	2	1850.2	Approved	"Arborwear Tag (L) 2""w WH"	Screen Print/Heat Transfer		TMM	mmintz	003101
1851	2	1851.2	Approved	"Arborwear Tag (XL) 2""w WH"	Screen Print/Heat Transfer		TMN	mmintz	003101
1852	2	1852.2	Approved	"Arborwear Tag (XS) 2""w WH"	Screen Print/Heat Transfer		TMJ	mmintz	003101
1853	2	1853.2	Approved	"Arborwear Tag (2XL) 2""w WH"	Screen Print/Heat Transfer		TMP	mmintz	003101
1854	2	1854.2	Approved	"Arborwear Tag (M) 2""w WH"	Screen Print/Heat Transfer		TML	mmintz	003101
1855	2	1855.2	Approved	"Arborwear 3.5""w BKGN"	Screen Print/Heat Transfer		SVY	mmintz	003101
1859	4	1859.4	Approved	Arborwear Treeline 4”w BK	Embroidery			vrowinsky	003101
1859	5	1859.5	Approved	Arborwear Treeline 4”w GN	Embroidery			vrowinsky	003101
1892	4	1892.4	Approved	"Arborwear Ovaless 2""w WH"	Embroidery			vrowinsky	003101
1892	5	1892.5	Approved	"Arborwear Ovaless 2""w BKGN"	Embroidery			vrowinsky	003101
1892	6	1892.6	Approved	"Arborwear Ovaless 2""w OR"	Embroidery			vrowinsky	003101
1892	7	1892.7	Approved	"Arborwear Ovaless 2""w GD"	Embroidery			vrowinsky	003101
1892	8	1892.8	Approved	"Arborwear Ovaless 2""w SV"	Embroidery			vrowinsky	003101
1892	9	1892.9	Approved	"Arborwear Ovaless 2""w PK"	Embroidery			vrowinsky	003101
2177	1	2177.1	Approved	Trashe 3.52”w x 3.52”h	Embroidery			mmintz	047631
2178	1	2178.1	Approved	Trenary's Tree 11”w x 7.42”h	Screen Print/Heat Transfer			mmintz	003911
2179	1	2179.1	Approved	"Trail Conservancy 8.5” x 13.8"""	Screen Print/Heat Transfer			mmintz	046357
2180	1	2180.1	Approved	"Chain Vintage Patch 3"""	Hat Press Heat Press			vrowinsky	003101
2180	2	2180.2	Approved	"Chain Vintage Patch 3"" BLWH"	Hat Press Heat Press			vrowinsky	003101
2181	1	2181.1	Approved	"R Moore & Ass 3.5""w X 1.25""h"	Screen Print/Heat Transfer			vrowinsky	001577
2181	2	2181.2	Approved	"R Moore & Ass 3.5""w SY (YW)"	Screen Print/Heat Transfer			vrowinsky	003101
2182	1	2182.1	Approved	"R Moore & Ass 11""w X 4""h"	Screen Print/Heat Transfer			vrowinsky	001577
2182	2	2182.2	Approved	"R Moore & Ass 11""w BK"	Screen Print/Heat Transfer			vrowinsky	003101
2183	1	2183.1	Approved	"Canopy Infra 9""w x 2.6""h"	Screen Print/Heat Transfer			bpapsidero	000002
2185	1	2185.1	Approved	EDM 2.27”w x 1.75”h	Embroidery			magan	047126
2186	1	2186.1	Approved	Expert Tree 12”w x 3.98”h	Screen Print/Heat Transfer			mmintz	010091
2187	1	2187.1	Approved	LE Tree Care 7”w x 2.34”h	Screen Print/Heat Transfer			mmintz	047897
2188	1	2188.1	Approved	"LE Tree Care 2.5""w x 2.8""h"	Screen Print/Heat Transfer			mmintz	047897
2189	1	2189.1	Approved	"Arb Treeline YOUTH 7” X 2.22"""	Screen Print/Heat Transfer			vrowinsky	003101
2189	2	2189.2	Approved	Arb Treeline YOUTH 7” SO	Screen Print/Heat Transfer			vrowinsky	003101
2189	3	2189.3	Approved	Arb Treeline YOUTH 7” WH	Screen Print/Heat Transfer			vrowinsky	003101
2190	1	2190.1	Approved	Hang In There 12”w x 12.27”h	Screen Print/Heat Transfer			mmintz	003101
435	3	435.3	Approved	"Arborwear 2.18""w GY"	Screen Print/Heat Transfer		SLE	mmintz	003101
547	2	547.2	Approved	Stay Sharp 10”w WH	Screen Print/Heat Transfer		SDV	mmintz	003101
610	2	610.2	Approved	Byrider 3.99”w WHOR	Embroidery		C4H	mmintz	003101
737	2	737.2	Approved	"Arborwear Treeline 10"" GN"	Screen Print/Heat Transfer		T28	mmintz	003101
737	3	737.3	Approved	"Arborwear Treeline 10"" WH"	Screen Print/Heat Transfer		T28	mmintz	003101
806	2	806.2	Approved	"Arborwear Infant 4""w WH"	Screen Print/Heat Transfer		RRB	vrowinsky	003101
862	2	862.2	Approved	"Get Cut Arborwear 3.5"" BR"	Hat Press Heat Press		L1A - Leather Patch	vrowinsky	003101
929	2	929.2	Approved	Arborwear - Infant 4” BR	Screen Print/Heat Transfer		T9U	vrowinsky	003101
929	3	929.3	Approved	Arborwear - Infant 4” WH	Screen Print/Heat Transfer		T9U	vrowinsky	003101
102	4	102.4	Approved	"Marine Solutions 3.5"" W WHGY"	Screen Print/Heat Transfer		Q69	vrowinsky	003101
102	5	102.5	Approved	"Marine Solutions 3.5"" W BLWH"	Screen Print/Heat Transfer		Q69	vrowinsky	003101
103	2	103.2	Approved	"Marine Solutions 12""w WHGY"	Screen Print/Heat Transfer		Q68	vrowinsky	003101
103	3	103.3	Approved	"Marine Solutions 12""w BLWH"	Screen Print/Heat Transfer		Q68	vrowinsky	003101
132	2	132.2	Approved	"CNAC 3.92""w BK"	Embroidery		AJY	vrowinsky	003101
1739	2	1739.2	Approved	"Cert Tree Worker 1.7""w WH"	Screen Print/Heat Transfer		R1H	vrowinsky	003101
1864	2	1864.2	Approved	Mickman Brother's 3.5”w BK	Screen Print/Heat Transfer			mmintz	003101
1892	3	1892.3	Approved	"Arborwear Ovaless 2""w BK"	Embroidery			vrowinsky	003101
2006	2	2006.2	Approved	Lakewood Parks 3”w WH	Screen Print/Heat Transfer			mmintz	003101
2006	3	2006.3	Approved	Lakewood Parks 3”w BK	Screen Print/Heat Transfer			mmintz	003101
2161	1	2161.1	Approved	Eco Tree 11”w x 0.83”h	Screen Print/Heat Transfer			mmintz	004034
2162	1	2162.1	Approved	"Youth Cons Corps 12""w x 10.3""h"	Screen Print/Heat Transfer			mmintz	002346
2162	2	2162.2	Approved	"Youth Cons Corps 12""w WH"	Screen Print/Heat Transfer			mmintz	003101
2163	1	2163.1	Approved	"O'Connell Electric 7""w x 1.58"""	Screen Print/Heat Transfer			mmintz	014800
2163	2	2163.2	Approved	"O'Connell Electric 7""w BK"	Screen Print/Heat Transfer			mmintz	003101
2164	1	2164.1	Approved	CVA Geoscientists 2.9”w X 2”h	Embroidery			vrowinsky	040692
2164	2	2164.2	Approved	CVA Geoscientists 2.9”w WHFC	Embroidery			vrowinsky	003101
2165	1	2165.1	Approved	"Sustainable Solut 7""w x 2.3""h"	Screen Print/Heat Transfer			mmintz	002256
2166	1	2166.1	Approved	"Sustainable Solut 4""w x 1.3""h"	Screen Print/Heat Transfer			mmintz	002256
2167	1	2167.1	Approved	"Townsend SF 2""w x 1.46""h"	Screen Print/Heat Transfer			mmintz	002121
2168	1	2168.1	Approved	"NG Gilbert 2""w x 1.16""h"	Screen Print/Heat Transfer			mmintz	002121
2169	1	2169.1	Approved	"Townsend Arborcare 2""w x .88""h"	Screen Print/Heat Transfer			mmintz	002121
2171	1	2171.1	Approved	"Titan Tree Care 3.5""w x 3.5""h"	Screen Print/Heat Transfer			mmintz	041023
2172	1	2172.1	Approved	"Western Reserve 2.37""w x 2.20"""	Embroidery			vrowinsky	002045
2172	2	2172.2	Approved	"Western Reserve 2.37""w BKYW"	Embroidery			vrowinsky	003101
2173	1	2173.1	Approved	Timber Tender 11”w x 8.19”h	Screen Print/Heat Transfer			mmintz	030225
2174	1	2174.1	Approved	Timber Tender 3.5”w x 3.5”h	Screen Print/Heat Transfer			mmintz	030225
2175	1	2175.1	Approved	"Timber Tender 7""w x 6.91""h"	Screen Print/Heat Transfer			mmintz	030225
2176	1	2176.1	Approved	"Timber Tender 3.18""w x 3.5""h"	Screen Print/Heat Transfer			mmintz	030225
611	2	611.2	Approved	"CVA Stewards 2.23"" WHGNBL"	Embroidery		C4R	vrowinsky	003101
612	2	612.2	Approved	"CVA Stewards 2.54""w FC"	Embroidery		C52	mmintz	003101
74	3	74.3	Approved	"Marine Solutions 3.27""w BLGYWH"	Embroidery		A7P	mmintz	003101
767	2	767.2	Approved	Heartwood 4”w BRGN	Screen Print/Heat Transfer		SGA	mmintz	003101
1059	2	1059.2	Approved	"Rainbow Tree Care 8""w BK"	Screen Print/Heat Transfer		BK	mmintz	003101
1073	2	1073.2	Approved	"Brightview Tree Care 3.5""w BK"	Screen Print/Heat Transfer		Q2N	vrowinsky	003101
113	2	113.2	Approved	"Rainbow Treecare 3.5""w WH"	Embroidery		A94	vrowinsky	003101
1170	2	1170.2	Approved	"Brightview 3.51""w WHGN"	Embroidery		A39	mmintz	003101
131	3	131.3	Approved	"Brookes & Hend 2.5""w GY"	Embroidery		ATR	mmintz	003101
138	3	138.3	Approved	Southview 3”w LM	Embroidery		BS9	vrowinsky	003101
1497	2	1497.2	Approved	"Rainbow Tree Co 3.5""w BK"	Embroidery		A95	vrowinsky	003101
1620	2	1620.2	Approved	TTAP 2.01”w WHTL	Embroidery		C6W - HAT	vrowinsky	003101
1667	2	1667.2	Approved	Gatehouse 4”w SV	Embroidery		BZ9 - HAT	mmintz	003101
1669	2	1669.2	Approved	Gatehouse 4”w SV	Screen Print/Heat Transfer		TCK	vrowinsky	003101
1669	3	1669.3	Approved	Gatehouse 4”w NV	Screen Print/Heat Transfer		TCK	vrowinsky	003101
167	3	167.3	Approved	Joshua Tree 3.5”w WHFC	Screen Print/Heat Transfer		S4R	vrowinsky	003101
1886	2	1886.2	Approved	"Brightview Tree 9.5""w BK"	Screen Print/Heat Transfer			vrowinsky	003101
1887	2	1887.2	Approved	"BrightView Tree 7.5""w BK"	Screen Print/Heat Transfer			mmintz	003101
1938	2	1938.2	Approved	"USFS Mobilize G 3.25""w WH"	Screen Print/Heat Transfer			mmintz	003101
2147	1	2147.1	Approved	"PennLine 8""w x 2.1""h"	Screen Print/Heat Transfer			vrowinsky	002170
2147	2	2147.2	Approved	"PennLine 8""w BK"	Screen Print/Heat Transfer			vrowinsky	002170
2148	1	2148.1	Approved	"Tall Timbers 12""w x 5.9""h"	Screen Print/Heat Transfer			vrowinsky	004046
2148	2	2148.2	Approved	"Tall Timbers 12""w GN"	Screen Print/Heat Transfer			vrowinsky	003101
2151	1	2151.1	Approved	"Maier 4""w x 2""h"	Screen Print/Heat Transfer			vrowinsky	002388
2151	2	2151.2	Approved	"Maier 4""w BK"	Screen Print/Heat Transfer			vrowinsky	003101
2152	1	2152.1	Approved	Earth-Wise 1C 4”w x 3.91”h	Screen Print/Heat Transfer			abiesiadec	000616
2157	1	2157.1	Approved	Penn State 3.52”w x 1.17”h	Embroidery			abiesiadec	006732
2159	1	2159.1	Approved	"Stahl Truck Bodies 4""w X 1.07"""	Embroidery			vrowinsky	007130
2159	2	2159.2	Approved	"Stahl Truck Bodies 4""w BKWHBL"	Embroidery			vrowinsky	007130
2160	1	2160.1	Approved	"Mobilize - US FWS 3.25"" x 3.8"""	Screen Print/Heat Transfer			vrowinsky	002346
2160	2	2160.2	Approved	"Mobilize - US FWS 3.25"" WH"	Screen Print/Heat Transfer			vrowinsky	003101
217	2	217.2	Approved	"Growth Solutions 2.19""w GNGN"	Embroidery		AF5	mmintz	003101
219	3	219.3	Approved	"Brookes & Henderson 2.5"" GY"	Screen Print/Heat Transfer		RD5	vrowinsky	003101
238	2	238.2	Approved	"Rainbow Co. 3.51""w WHSV"	Embroidery		B6R	mmintz	003101
238	3	238.3	Approved	"Rainbow Co. 3.51""w BKSV"	Embroidery		B6R	vrowinsky	003101
254	2	254.2	Approved	"Ironwood 3.5""w RDYWBK"	Embroidery		ASV	vrowinsky	003101
285	2	285.2	Approved	"Bear 2.75""w WHSTGY"	Screen Print/Heat Transfer		G1N	vrowinsky	003101
335	2	335.2	Approved	"Supreme Indust 4.01""w WHLM"	Embroidery		AAA	vrowinsky	003101
391	2	391.2	Approved	"Tri-State Bobcat 4.21"" WHBKOR"	Embroidery		AB6	mmintz	003101
519	2	519.2	Approved	"Growth Solutions 9.5""w BK"	Screen Print/Heat Transfer		QEK	mmintz	003101
723	2	723.2	Approved	"ARBORTECH 4""w GNGYWH"	Embroidery		AQR	vrowinsky	003101
841	2	841.2	Approved	"Tall Timbers 4"" LM"	Screen Print/Heat Transfer		QF6	vrowinsky	003101
883	2	883.2	Approved	Ind Plumbing 1.65”w Multi	Embroidery		BGM - HAT	vrowinsky	003101
102	2	102.2	Approved	"Marine Solutions 3.5""w BLGY"	Screen Print/Heat Transfer		Q69	mmintz	003101
1064	2	1064.2	Approved	"KTI Tree Experts 3.5"" WH"	Screen Print/Heat Transfer		Q5J	mmintz	003101
1065	2	1065.2	Approved	"KTI Tree Experts 12.4""w GN"	Screen Print/Heat Transfer		Q5I	mmintz	003101
121	3	121.3	Approved	"ISA Hats 3.80""w WH"	Embroidery		ACH	mmintz	003101
125	2	125.2	Approved	"Arbor Masters 3.75""w WHGN"	Embroidery		A22	mmintz	003101
138	2	138.2	Approved	Southview 3”w BK	Embroidery		BS9	vrowinsky	003101
1580	3	1580.3	Approved	Kendall Vegetation 3.75” GN	Embroidery		BGA	mmintz	003101
200	3	200.3	Approved	"Townsend SF 1C 3.75""w WHYW"	Screen Print/Heat Transfer		Q9V	vrowinsky	003101
207	2	207.2	Approved	"Summit Landscape 3.25"" WHGNLM"	Screen Print/Heat Transfer		RB5	mmintz	003101
2132	1	2132.1	Approved	ArborPro 4”w x 0.83”h	Screen Print/Heat Transfer		WHGN	mmintz	048060
2133	1	2133.1	Approved	ArborPro 11”w x 2.28”h	Screen Print/Heat Transfer			mmintz	048060
2134	1	2134.1	Approved	"Bloom Roofing 4""w x 1.5""h"	Embroidery			vrowinsky	002161
2134	2	2134.2	Approved	"Bloom Roofing 4""w GY"	Embroidery			vrowinsky	003101
2134	3	2134.3	Approved	"Bloom Roofing 4""w BK"	Embroidery			vrowinsky	003101
2135	1	2135.1	Approved	"Monster - Why Mon 11""w x 10""h"	Screen Print/Heat Transfer		OBSOLETE	vrowinsky	002326
2135	2	2135.2	Approved	"Monster - Why Mon 11""w WHGNBR"	Screen Print/Heat Transfer		OBSOLETE	vrowinsky	003101
2136	1	2136.1	Approved	"Tamarack 2.23""w x 3.5""h"	Screen Print/Heat Transfer			mmintz	034803
2137	1	2137.1	Approved	Sauerer Tree 3.75”w x 1.38”h	Screen Print/Heat Transfer		WHGN - Left Chest	mmintz	014482
2138	1	2138.1	Approved	Eco Tree 4”w x 1.05”h	Screen Print/Heat Transfer			mmintz	004034
2139	1	2139.1	Approved	Eco Tree 11”w x 1.36”h	Screen Print/Heat Transfer			mmintz	004034
2140	1	2140.1	Approved	Canopy Care 3.5”w x 1.64”h	Screen Print/Heat Transfer			mmintz	030419
2141	1	2141.1	Approved	"Metro Forestry 3""w x 3.36""h"	Screen Print/Heat Transfer			vrowinsky	001202
2141	2	2141.2	Approved	"Metro Forestry 3""w WH"	Screen Print/Heat Transfer			vrowinsky	003101
2142	1	2142.1	Approved	Canopy Care 11”w x 5.17”h	Screen Print/Heat Transfer			mmintz	030419
2143	1	2143.1	Approved	Canopy Care 4”w x 1.89”h	Screen Print/Heat Transfer			mmintz	030419
2144	1	2144.1	Approved	"LaFleur 3.5""w x 1.18""h"	Screen Print/Heat Transfer			mmintz	048125
2145	1	2145.1	Approved	"Under Canvas 4""w x 0.87""h"	Screen Print/Heat Transfer			mmintz	002173
2145	2	2145.2	Approved	"Under Canvas 4""w WH"	Screen Print/Heat Transfer			mmintz	003101
2146	1	2146.1	Approved	"Mainscape 4.25""w x 1.85""h"	Screen Print/Heat Transfer			mmintz	001156
2146	2	2146.2	Approved	"Mainscape 4.25""w GNWHYW"	Screen Print/Heat Transfer			mmintz	003101
278	3	278.3	Approved	"Kendall Veg. 3.75""w GN"	Embroidery		A74	vrowinsky	003101
282	2	282.2	Approved	"McAllister GP 3.5""w BK"	Screen Print/Heat Transfer		R42	mmintz	003101
309	2	309.2	Approved	"Premier 3""w BK"	Screen Print/Heat Transfer		QTT	mmintz	003101
326	2	326.2	Approved	"Mainscape 9""w BK"	Screen Print/Heat Transfer		G8R	vrowinsky	003101
328	2	328.2	Approved	"Marine Solutions 3.02"" WHGY"	Embroidery		BRM	mmintz	003101
328	3	328.3	Approved	"Marine Solutions 3.02"" BLGY"	Embroidery		BRM	mmintz	003101
367	2	367.2	Approved	"City Of Lakewood 3""w BKWH"	Embroidery		A3P	mmintz	003101
369	2	369.2	Approved	Southern Line 3.5”w BK	Screen Print/Heat Transfer		SBA	vrowinsky	003101
395	2	395.2	Approved	Southview 3”w KH	Screen Print/Heat Transfer		SX1	mmintz	003101
404	2	404.2	Approved	"Kendall 2.23""w BK"	Screen Print/Heat Transfer		SFA	vrowinsky	003101
690	2	690.2	Approved	City Of Madison 3.02”w BK	Embroidery		BS7	mmintz	003101
74	2	74.2	Approved	"Marine Solutions 3.27""w GYWHWH"	Embroidery		A7P	vrowinsky	003101
797	2	797.2	Approved	"Monarch 3.5""w BK"	Screen Print/Heat Transfer		RWY	mmintz	003101
820	2	820.2	Approved	"Monarch Tree 3C 11""w WHORLM"	Screen Print/Heat Transfer		QYK	vrowinsky	003101
869	2	869.2	Approved	One Asplundh 2.02”w ORGY	Embroidery		BXQ - Hollow	mmintz	003101
1594	2	1594.2	Approved	Growth Solutions 7”w BK	Screen Print/Heat Transfer		TKL	vrowinsky	003101
210	3	210.3	Approved	"Chippers - Davey 3.5""w WH"	Screen Print/Heat Transfer		QPJ	vrowinsky	003101
2108	1	2108.1	Approved	"Havreluk Tree 3.5""w x 3""h"	Screen Print/Heat Transfer			mmintz	021226
2109	1	2109.1	Approved	Havreluk Tree 10”w x 8.76”h	Screen Print/Heat Transfer			mmintz	021226
2110	1	2110.1	Approved	"One Stop Tree 3.5""w x 2.2""h"	Screen Print/Heat Transfer			mmintz	042311
2111	1	2111.1	Approved	One Stop Tree 11”w x 6.93”h	Screen Print/Heat Transfer			mmintz	042311
2112	1	2112.1	Approved	One Stop 4”w x 1.45”h	Screen Print/Heat Transfer			mmintz	042311
2113	1	2113.1	Approved	One Stop 11”w x 4.02”h	Screen Print/Heat Transfer			mmintz	042311
2114	1	2114.1	Approved	Seattle Tree 7.5”w x 10”h	Screen Print/Heat Transfer			mmintz	001664
2115	1	2115.1	Approved	Seattle Tree 3”w x 3”h	Screen Print/Heat Transfer			mmintz	001664
2116	1	2116.1	Approved	S.B. Tree Service 4”w x 3.04”h	Screen Print/Heat Transfer			mmintz	019680
2117	1	2117.1	Approved	S.B. Tree 7”w x 5.32”h	Screen Print/Heat Transfer			mmintz	019680
2118	1	2118.1	Approved	"Snow & Sons 3.75""w x 1.4""h"	Screen Print/Heat Transfer			mmintz	001718
2119	1	2119.1	Approved	"Snow's Landscaping 12""w x 5""h"	Screen Print/Heat Transfer			mmintz	001718
2120	1	2120.1	Approved	ServiceMaster 3.5”w x 1.4”h	Screen Print/Heat Transfer			mmintz	047414
2121	1	2121.1	Approved	SNS Lawncare 3.75 ”w x 1.5”h	Screen Print/Heat Transfer			mmintz	001718
2122	1	2122.1	Approved	Sussex County 3.5”w x 3.54”h	Screen Print/Heat Transfer			mmintz	043735
2123	1	2123.1	Approved	Sussex County 3.5”w x 3.5”h	Screen Print/Heat Transfer			mmintz	043735
2124	1	2124.1	Approved	S & K Enterprises 7”w x 5.4”h	Screen Print/Heat Transfer			mmintz	043727
2125	1	2125.1	Approved	Seattle Tree Care 3.5”w x 3.24	Screen Print/Heat Transfer			mmintz	008689
2126	1	2126.1	Approved	Seattle Tree 2.05”w x 3.5”h	Screen Print/Heat Transfer			mmintz	001664
2127	1	2127.1	Approved	Seattle Tree 6.79”w x 8.5”h	Screen Print/Heat Transfer			mmintz	001664
2128	1	2128.1	Approved	Schneskis Maple 4”w x 2.7”h	Screen Print/Heat Transfer			mmintz	025691
2129	1	2129.1	Approved	"Monster Crew 11""w x 9.4""h"	Screen Print/Heat Transfer		OBSOLETE COLORWAY	vrowinsky	002326
2129	2	2129.2	Approved	"Monster Crew 11""w BRGN"	Screen Print/Heat Transfer		OBSOLETE COLORWAY	vrowinsky	003101
2130	1	2130.1	Approved	"Monster 2C 11""w x 10""h"	Screen Print/Heat Transfer		OBSOLETE	mmintz	002326
2130	2	2130.2	Approved	"Monster 2C 11""w BRGN"	Screen Print/Heat Transfer		OBSOLETE	mmintz	003101
219	2	219.2	Approved	"Brookes & Henderson 2.5"" NV"	Screen Print/Heat Transfer		RD5	mmintz	003101
385	2	385.2	Approved	Arbor Works 4.02”w WH	Embroidery		BML	mmintz	003101
2065	1	2065.1	Approved	"CMU CompSci 2.77""w x 3.52""h"	Embroidery			nbond	048035
2066	1	2066.1	Approved	Endres 1.07”w x 1.52”h	Embroidery			mmintz	047768
2067	1	2067.1	Approved	LCS Equipment 3.5”w x 1.18”h	Screen Print/Heat Transfer			mmintz	037886
2068	1	2068.1	Approved	Lowe's 100yrs 11”w x 11.14”h	Screen Print/Heat Transfer			mmintz	014552
2069	1	2069.1	Approved	"Mayfield Village 3.75""w x 1.37"	Screen Print/Heat Transfer			mmintz	001183
2070	1	2070.1	Approved	PC Services  7”w x 5.17”h	Screen Print/Heat Transfer		GNFC FB	mmintz	000328
2071	1	2071.1	Approved	PC Services 3.5”w x 2.58”h	Screen Print/Heat Transfer		WHFC LC	mmintz	000328
2072	1	2072.1	Approved	Rooted Tree Care 3.7”w x 4”h	Screen Print/Heat Transfer			mmintz	042094
2073	1	2073.1	Approved	Rooted Tree Care 10.16”w x 11”	Screen Print/Heat Transfer			mmintz	042094
2074	1	2074.1	Approved	"Ryan Lawn 2.59""w x 1.5""h"	Screen Print/Heat Transfer			mmintz	002337
2075	1	2075.1	Approved	"Ramsdell Land 10""w x 5.4""h"	Screen Print/Heat Transfer			mmintz	001529
2076	1	2076.1	Approved	"Ramsdell Land 4""w x 2.19""h"	Screen Print/Heat Transfer			mmintz	001529
2077	1	2077.1	Approved	Red Bird 3.5”w x 3.5”h	Screen Print/Heat Transfer			mmintz	041201
2078	1	2078.1	Approved	Red Bird 11”w x 5.4”h	Screen Print/Heat Transfer			mmintz	041201
2079	1	2079.1	Approved	River City 2.75”w x 2.67”h	Screen Print/Heat Transfer			mmintz	002102
2080	1	2080.1	Approved	"Rolling Acres 12.5""w x 3.4""h"	Screen Print/Heat Transfer			mmintz	001598
2081	1	2081.1	Approved	"Rainbow Treecare 2C 4""w x 2.4"""	Screen Print/Heat Transfer			vrowinsky	001527
2082	1	2082.1	Approved	"Rolling Acres 5""w x 1.41""h"	Screen Print/Heat Transfer			mmintz	001598
2084	1	2084.1	Approved	"SAT Beetlebung 7”w x 4.35""h"	Screen Print/Heat Transfer			mmintz	002398
2085	1	2085.1	Approved	SAT Beetlebung 3.5”w x 2.18”h	Screen Print/Heat Transfer			mmintz	002398
2086	1	2086.1	Approved	"SAT Arborscapes 3.5""w x 2.28""h"	Screen Print/Heat Transfer			mmintz	002398
2087	1	2087.1	Approved	"SAT Mechanics 2C 4”w x 2.32""h"	Screen Print/Heat Transfer			mmintz	002398
2088	1	2088.1	Approved	"SAT Taddiken 2C 4""w x 2.42""h"	Screen Print/Heat Transfer			mmintz	002398
2089	1	2089.1	Approved	"SAT Taddiken 4""w x 2.42""h"	Screen Print/Heat Transfer			mmintz	002398
2090	1	2090.1	Approved	Aspen SavATree 4.5”w x 1.78”h	Screen Print/Heat Transfer			mmintz	002398
2092	1	2092.1	Approved	"Ballard Enterp 3.5""w x 3.62""h"	Screen Print/Heat Transfer			abiesiadec	002469
2093	1	2093.1	Approved	Deer Guys (2C) 3.5”w x 0.63”h	Screen Print/Heat Transfer			mmintz	002398
2094	1	2094.1	Approved	Reading Corps 11”w x 10.67”h	Screen Print/Heat Transfer			mmintz	034240
2095	1	2095.1	Approved	"Southview 3.5""w x 3""h"	Screen Print/Heat Transfer			mmintz	033403
2096	1	2096.1	Approved	"Summit Landscape 11""w x 10.4""h"	Screen Print/Heat Transfer			mmintz	022905
2097	1	2097.1	Approved	"Ballard Enter 3.51""w x 3.63""h"	Embroidery			abiesiadec	002469
2098	1	2098.1	Approved	"Summit TS 1C 11""w x 10.94""h"	Screen Print/Heat Transfer			mmintz	022905
2099	1	2099.1	Approved	"Rainbow Eco 1C 3.6""w x 2.26""h"	Screen Print/Heat Transfer			vrowinsky	001527
2101	1	2101.1	Approved	Summit Arb 3”w x 2.89”h	Screen Print/Heat Transfer			mmintz	027571
2102	1	2102.1	Approved	Summit Arb 11”w x 10.61”h	Screen Print/Heat Transfer			mmintz	027571
2103	1	2103.1	Approved	"Rolling Acres Flag 3""w x 1.8""h"	Screen Print/Heat Transfer			mmintz	001598
2104	1	2104.1	Approved	"Summit Land 3.25""w x 2.89""h"	Screen Print/Heat Transfer			mmintz	022905
2105	1	2105.1	Approved	Stay Green 7”w x 1.25”h	Screen Print/Heat Transfer			mmintz	035692
2106	1	2106.1	Approved	Stay Green 3.5”w x 1.8”h	Screen Print/Heat Transfer			mmintz	035692
2107	1	2107.1	Approved	"Seattle Tree 3.5”w x 2.55""h"	Screen Print/Heat Transfer			mmintz	001664
2022	1	2022.1	Approved	"Parker Tree Icon 3.5""w x 2.9""h"	Screen Print/Heat Transfer			mmintz	048047
2023	1	2023.1	Approved	Parker Tree 11”w x 3”h	Screen Print/Heat Transfer			mmintz	048047
2024	1	2024.1	Approved	"Parker Tree 3.5""w x 0.98""h"	Screen Print/Heat Transfer			mmintz	048047
2025	1	2025.1	Approved	Parker Tree Icon 8”w x 6.6”h	Screen Print/Heat Transfer			mmintz	048047
2026	1	2026.1	Approved	Shining Tree (4 Locations)	Screen Print/Heat Transfer			mmintz	029793
2027	1	2027.1	Approved	"Terry Hughes FC 8""w x 4.5""h"	Screen Print/Heat Transfer			mmintz	001824
2028	1	2028.1	Approved	"Hamilton Tree & Land 4” x 1.7"""	Screen Print/Heat Transfer			mmintz	000851
2029	1	2029.1	Approved	H Richardson 2C 4”w x 0.83”h	Screen Print/Heat Transfer			mmintz	036602
2030	1	2030.1	Approved	"Portland Forestry 11""w x 14.1"""	Screen Print/Heat Transfer			vrowinsky	001474
2031	1	2031.1	Approved	HRS Forestry 8”w x 3.89”h	Screen Print/Heat Transfer			mmintz	036602
2032	1	2032.1	Approved	"Hansen's Tree 11""w x 8.6""h"	Screen Print/Heat Transfer			mmintz	000853
2033	1	2033.1	Approved	Shining Tree 10.58”w x 12”h	Screen Print/Heat Transfer			mmintz	029793
2034	1	2034.1	Approved	Shining Tree 3.53”w x 4”h	Screen Print/Heat Transfer			mmintz	029793
2035	1	2035.1	Approved	"Shining Cert Arb 2"" x 3.5"""	Screen Print/Heat Transfer			vrowinsky	029793
2036	1	2036.1	Approved	"Shining Tree Worker 4"" x 1.87"""	Screen Print/Heat Transfer			vrowinsky	029793
2037	1	2037.1	Approved	"Hansen's Tree 3.5""w x 1.4""h"	Screen Print/Heat Transfer			mmintz	000853
2038	1	2038.1	Approved	"Hudson River 5.15""w x 3.75""h"	Screen Print/Heat Transfer			mmintz	000563
2039	1	2039.1	Approved	City of Hudson 3.5”w x 0.7”h	Screen Print/Heat Transfer			mmintz	046592
2040	1	2040.1	Approved	HoneyCove 8”w x 5.81”h	Screen Print/Heat Transfer			mmintz	040066
2041	1	2041.1	Approved	"Rainbow Lawncare 4""w x 2.25""h"	Screen Print/Heat Transfer			vrowinsky	001527
2042	1	2042.1	Approved	HoneyCove 4”w x 2.9”h	Screen Print/Heat Transfer			mmintz	040066
2043	1	2043.1	Approved	Herzog 11”w x 5.6”h	Screen Print/Heat Transfer			mmintz	011062
2044	1	2044.1	Approved	"Herzog 3.5""w x 1.4""h"	Screen Print/Heat Transfer			mmintz	011062
2045	1	2045.1	Approved	EnviroScience 2.51”w X 1.91”h	Embroidery			vrowinsky	000011
2046	1	2046.1	Approved	"Matanuska 10""w x 5.19""h"	Screen Print/Heat Transfer			mmintz	001176
2047	1	2047.1	Approved	"TCT 3.25""w x 1.53""h"	Screen Print/Heat Transfer			mmintz	041888
2048	1	2048.1	Approved	"Ind Plumbing 2""w x 2.75""h"	Screen Print/Heat Transfer			mmintz	000949
2049	1	2049.1	Approved	Independence Ex 7”w x 5.9”h	Screen Print/Heat Transfer			mmintz	000949
2050	1	2050.1	Approved	Ironwood Power 4”w x 1.61”h	Screen Print/Heat Transfer			mmintz	014905
2051	1	2051.1	Approved	Cert Arborist 3C 2”w x 3.5”h	Screen Print/Heat Transfer			mmintz	974
2052	1	2052.1	Approved	"Preserv Tree 3.75""w x 2.13""h"	Screen Print/Heat Transfer			mmintz	002363
2053	1	2053.1	Approved	"Integrity Tree Co 4""w x 1.27""h"	Screen Print/Heat Transfer			mmintz	019413
2054	1	2054.1	Approved	"Integrity Tree Co 11""w x 7.5""h"	Screen Print/Heat Transfer			mmintz	019413
2055	1	2055.1	Approved	"Joshua Tree 2026 3.5”w x 2.27"""	Screen Print/Heat Transfer			mmintz	002938
2056	1	2056.1	Approved	Joshua Tree Con '26 12”x10.86”	Screen Print/Heat Transfer			mmintz	002938
2057	1	2057.1	Approved	"Jarvis Tree 6”w x 4.37""h"	Screen Print/Heat Transfer			mmintz	044070
2058	1	2058.1	Approved	"Jarvis Tree 8”w x 5.82""h"	Screen Print/Heat Transfer			mmintz	044070
2059	1	2059.1	Approved	"Jersey Truck 4""w x 1.6""h"	Screen Print/Heat Transfer			mmintz	000563
2060	1	2060.1	Approved	"Jones Tree Svc 4""w x 2.9""h"	Screen Print/Heat Transfer			mmintz	046376
2061	1	2061.1	Approved	Jones Tree Svc 11”w x 9.4”h	Screen Print/Heat Transfer			mmintz	046376
2062	1	2062.1	Approved	J.C Yepez 4”w x 3.29”h	Screen Print/Heat Transfer			mmintz	040303
2063	1	2063.1	Approved	J.C Yepez 11”w x 9.04”h	Screen Print/Heat Transfer			mmintz	040303
2064	1	2064.1	Approved	"Kendall 8""w x 2.05""h"	Screen Print/Heat Transfer			mmintz	040037
1977	1	1977.1	Approved	"Kendall 3.5""w x 0.75""h"	Screen Print/Heat Transfer			vrowinsky	040037
1978	1	1978.1	Approved	"Knotty Pine 3.25""w x 2.4""h"	Screen Print/Heat Transfer			vrowinsky	007672
1979	1	1979.1	Approved	Lexington 4”w X 0.87”h	Screen Print/Heat Transfer			vrowinsky	014804
1980	1	1980.1	Approved	Lexington 3.5”w X 0.76”h	Screen Print/Heat Transfer			vrowinsky	014804
1981	1	1981.1	Approved	Lowe's Greenhouse 3.75” X 1.61	Screen Print/Heat Transfer			vrowinsky	014552
1982	1	1982.1	Approved	Lowe's Greenhouse 4”w X 1.78”h	Screen Print/Heat Transfer			vrowinsky	014552
1983	1	1983.1	Approved	Bay State 10”w x 5.14”h	Screen Print/Heat Transfer			mmintz	001989
1984	1	1984.1	Approved	"Bay State 4""w x 2""h"	Screen Print/Heat Transfer			mmintz	001989
1985	1	1985.1	Approved	Cunningham-Limp 3.5”w x 3.5”h	Screen Print/Heat Transfer			mmintz	040828
1986	1	1986.1	Approved	Lowe's 100yrs 3.5”w X 3.15”h	Screen Print/Heat Transfer			vrowinsky	014552
1987	1	1987.1	Approved	GRITT - Davey 10”w x 2.4”h	Screen Print/Heat Transfer			mmintz	002115
1988	1	1988.1	Approved	Land Studies 3.5”w x 1.15”h	Screen Print/Heat Transfer			mmintz	002388
1989	1	1989.1	Approved	Natural Directions 3.5” x 1.87	Screen Print/Heat Transfer			mmintz	002388
1990	1	1990.1	Approved	Dockbuilders 3.5”w x 3.52”h	Screen Print/Heat Transfer			mmintz	043221
1991	1	1991.1	Approved	"Dirty Horticultu 3”w x 2.93""h"	Screen Print/Heat Transfer			mmintz	042979
1992	1	1992.1	Approved	Dekker Sawmilling 3.5”w x 2.82	Screen Print/Heat Transfer			mmintz	045136
1993	1	1993.1	Approved	"Engineered Rec 7.5""w x 7.4""h"	Screen Print/Heat Transfer			mmintz	000648
1994	1	1994.1	Approved	"Eastside Tree 12.5""w x 9""h"	Screen Print/Heat Transfer			mmintz	000620
1995	1	1995.1	Approved	Eastside Tree 7”w x 5.42”h	Screen Print/Heat Transfer			mmintz	000620
1996	1	1996.1	Approved	"Eastside Tree 4""w x 3""h"	Screen Print/Heat Transfer			mmintz	000620
1997	1	1997.1	Approved	"Grass w/o Limits™ 9""w x 9""h"	Screen Print/Heat Transfer			mmintz	000717
1998	1	1998.1	Approved	"ForeverLawn 9""w x 2""h"	Screen Print/Heat Transfer			mmintz	000717
1999	1	1999.1	Approved	"ForeverLawn GP 3""w x 13""h"	Screen Print/Heat Transfer			mmintz	000717
2000	1	2000.1	Approved	Family Tree Care 4”w x 2.44”h	Screen Print/Heat Transfer			mmintz	003965
2001	1	2001.1	Approved	Lake Forest 3.4”w X 4”h	Screen Print/Heat Transfer			vrowinsky	021796
2002	1	2002.1	Approved	Family Tree Care 12”w x 1.75”h	Screen Print/Heat Transfer			mmintz	003965
2003	1	2003.1	Approved	Family Tree Care 1.22”w x 14”h	Screen Print/Heat Transfer			mmintz	003965
2004	1	2004.1	Approved	Lake Forest 9”w X 10.56”h	Screen Print/Heat Transfer			vrowinsky	021796
2005	1	2005.1	Approved	Fuller Marine 9”w x 6.05”h	Screen Print/Heat Transfer			mmintz	043705
2006	1	2006.1	Approved	Lakewood Parks 3”w X 0.97”h	Screen Print/Heat Transfer			vrowinsky	001086
2007	1	2007.1	Approved	Fuller Marine 11”w x 0.88”h	Screen Print/Heat Transfer			mmintz	043705
2008	1	2008.1	Approved	Fuller Marine 10”w x 10.25”h	Screen Print/Heat Transfer			mmintz	043705
2009	1	2009.1	Approved	Fuller Marine 3.5”w x 2.25”h	Screen Print/Heat Transfer			mmintz	043705
2010	1	2010.1	Approved	Full Tilt 10”w x 5.68”h	Screen Print/Heat Transfer			mmintz	040559
2011	1	2011.1	Approved	"Grand Forks Park 7""w x 2.36""h"	Screen Print/Heat Transfer			mmintz	020424
2012	1	2012.1	Approved	Ground Enhance 12”w x 7.69”h	Screen Print/Heat Transfer			mmintz	041853
2013	1	2013.1	Approved	Ground Enhance 5”w x 0.59”h	Screen Print/Heat Transfer			mmintz	041853
2014	1	2014.1	Approved	"Good Nature 3.75""w x 3.76""h"	Screen Print/Heat Transfer			mmintz	000794
2015	1	2015.1	Approved	Green Valley 4”w x 1.59”h	Screen Print/Heat Transfer			mmintz	021916
2017	1	2017.1	Approved	Edmunds & Sons 3.36”w x 3.51”h	Embroidery			mmintz	048002
2018	1	2018.1	Approved	City of Littleton 3.5”w X 1.26	Screen Print/Heat Transfer			vrowinsky	047534
2019	1	2019.1	Approved	"Edmunds & Sons 3.27”w x 2.35""h"	Embroidery			mmintz	048002
2020	1	2020.1	Approved	Portland Forestry 3.5” X 2.35	Screen Print/Heat Transfer			vrowinsky	001474
2021	1	2021.1	Approved	Portland Forestry 3.5”w X 1.81	Screen Print/Heat Transfer			vrowinsky	001474
1923	1	1923.1	Approved	Covered Bridge 3.5”w x 3.5”h	Screen Print/Heat Transfer			mmintz	011955
1924	1	1924.1	Approved	"Cedar Peak 4""w x 2.3""h"	Screen Print/Heat Transfer			mmintz	016202
1925	1	1925.1	Approved	Cedar Peak 6.8”w x 10”h	Screen Print/Heat Transfer			mmintz	016202
1926	1	1926.1	Approved	"Cedar Peak Icon 1.86""w x 2.75"""	Screen Print/Heat Transfer			mmintz	016202
1927	1	1927.1	Approved	Cedar Peak Build 10”w x 8.9”h	Screen Print/Heat Transfer			mmintz	016202
1928	1	1928.1	Approved	"Cedar Peak 4.01""w x 2.51""h"	Embroidery			mmintz	016202
1929	1	1929.1	Approved	Cedar Peak 1.88”w x 2.77”h	Embroidery			mmintz	016202
1930	1	1930.1	Approved	"Cedar Peak Build 4.02""w x 3.55"	Embroidery			mmintz	016202
1931	1	1931.1	Approved	"Cumberland Valley 1C 4”w x 2""h"	Screen Print/Heat Transfer			mmintz	000527
1932	1	1932.1	Approved	Crane & Canopy 3.5”w x 3.07”h	Screen Print/Heat Transfer			mmintz	041737
1933	1	1933.1	Approved	Crane & Canopy 11”w x 5.54”h	Screen Print/Heat Transfer			mmintz	041737
1934	1	1934.1	Approved	"Copper Top Tree 4”w x 3.34""h"	Screen Print/Heat Transfer			mmintz	046183
1935	1	1935.1	Approved	"Climb Trees 7""w x 1""h"	Screen Print/Heat Transfer			mmintz	003101
1936	1	1936.1	Approved	"Mobilize Green 10""w x 1.77""h"	Screen Print/Heat Transfer			mmintz	002346
1937	1	1937.1	Approved	"Mobilize Green 8.16”w x 10""h"	Screen Print/Heat Transfer			mmintz	002346
1938	1	1938.1	Approved	"USFS Mobilize G 3.25""w x 3.6""h"	Screen Print/Heat Transfer			mmintz	002346
1939	1	1939.1	Approved	"Monarch Enviro 7”w x 7.1""h"	Screen Print/Heat Transfer			mmintz	020655
1940	1	1940.1	Approved	"Monster PHC 3.5""w x 1.84""h"	Screen Print/Heat Transfer		OR Tag	mmintz	002326
1941	1	1941.1	Approved	"Mountain State 11""w x 6.5""h"	Screen Print/Heat Transfer			mmintz	001256
1942	1	1942.1	Approved	Elevated Outdoors 10”w x 9.95”	Screen Print/Heat Transfer			mmintz	047064
1943	1	1943.1	Approved	"Elevated Outdoors 3.5""w x 3.48"	Screen Print/Heat Transfer			mmintz	047064
1944	1	1944.1	Approved	Midwest Tree 6”w x 2.80”h	Screen Print/Heat Transfer			mmintz	001221
1945	1	1945.1	Approved	McCausland 10”w x 7.34”h	Screen Print/Heat Transfer			mmintz	026639
1946	1	1946.1	Approved	"The Natural Way 12""w x 10.75""h"	Screen Print/Heat Transfer			mmintz	008874
1947	1	1947.1	Approved	"The Natural Way 4""w x 3.5""h"	Screen Print/Heat Transfer			mmintz	008874
1948	1	1948.1	Approved	"Northern Clearing 3""w x 2.12""h"	Screen Print/Heat Transfer		1C	mmintz	001338
1949	1	1949.1	Approved	Northern Clearing 7”w x 4.9”h	Screen Print/Heat Transfer		1C	mmintz	001338
1950	1	1950.1	Approved	"Ness Auto 3.5""w x 3.7""h"	Screen Print/Heat Transfer			mmintz	000563
1951	1	1951.1	Approved	"New Hampshire 4""w x 1.62""h"	Screen Print/Heat Transfer			mmintz	001308
1952	1	1952.1	Approved	"New Age Tree Svc 7.5""w x 12""h"	Screen Print/Heat Transfer			mmintz	001298
1953	1	1953.1	Approved	McHenry Land 4”w X 1.23”h	Screen Print/Heat Transfer			vrowinsky	037117
1954	1	1954.1	Approved	McHenry Land 11”w X 3.38”h	Screen Print/Heat Transfer			vrowinsky	037117
1955	1	1955.1	Approved	One Healthy 3.32”w x 3.5”h	Screen Print/Heat Transfer			mmintz	042545
1956	1	1956.1	Approved	One Healthy 4”w x 0.72”h	Screen Print/Heat Transfer			mmintz	042545
1957	1	1957.1	Approved	One Healthy 11”w x 7.43”h	Screen Print/Heat Transfer			mmintz	042545
1958	1	1958.1	Approved	One Healthy 5”w x 3.38”h	Screen Print/Heat Transfer			mmintz	042545
1960	1	1960.1	Approved	Owen's Tree 3.06”w x 3.5”h	Screen Print/Heat Transfer			mmintz	045839
1961	1	1961.1	Approved	Open Canopy 8”w X 12”h	Screen Print/Heat Transfer			vrowinsky	023227
1962	1	1962.1	Approved	One Bark 4”w x 1.12”h	Screen Print/Heat Transfer			mmintz	040813
1963	1	1963.1	Approved	"Open Canopy 11""w x 4.57""h"	Screen Print/Heat Transfer			mmintz	023227
1964	1	1964.1	Approved	"Open Canopy 4""w x 1.66""h"	Screen Print/Heat Transfer			mmintz	023227
1965	1	1965.1	Approved	Open Canopy Peas 11”w x 6.4”h	Screen Print/Heat Transfer			mmintz	023227
1966	1	1966.1	Approved	Oak Hill 10”w x 9.95”h	Screen Print/Heat Transfer			mmintz	034666
1967	1	1967.1	Approved	Oak Hill 3.75”w x 0.92”h	Screen Print/Heat Transfer			mmintz	034666
1968	1	1968.1	Approved	"Pennline 2.75""w x .76""h"	Screen Print/Heat Transfer			vrowinsky	002170
1969	1	1969.1	Approved	"Pennline (1C) 4""w x 1""h"	Screen Print/Heat Transfer			vrowinsky	002170
1970	1	1970.1	Approved	Premier 3.5”w x 1.93”h	Screen Print/Heat Transfer			mmintz	001488
1971	1	1971.1	Approved	PG & E HVSA 7”w x 7.4”h	Screen Print/Heat Transfer			mmintz	028474
1972	1	1972.1	Approved	PG & E 4”w x 0.99”h	Screen Print/Heat Transfer			mmintz	028474
1973	1	1973.1	Approved	"Plant Solutions 4""w x 1.8""h"	Screen Print/Heat Transfer			mmintz	006831
1974	1	1974.1	Approved	"Plant Solutions 11""w x 7.4""h"	Screen Print/Heat Transfer			mmintz	006831
1975	1	1975.1	Approved	Pool Works 4”w x 1.16”h	Screen Print/Heat Transfer			mmintz	002336
1976	1	1976.1	Approved	Pool Works 11”w x 3.2”h	Screen Print/Heat Transfer			mmintz	002336
1922	1	1922.1	Open	test	Embroidery			joelr	000001
104	3	104.3	Approved	"Lucas 2.89""w GDGNBK"	Embroidery		A7H	vrowinsky	003101
1113	2	1113.2	Approved	"Arborwear 2.5""w WH"	Embroidery		BJ8	vrowinsky	003101
1171	3	1171.3	Approved	"Arborwear 3.13""w BK"	Embroidery		A2D	vrowinsky	003101
1415	2	1415.2	Approved	"Arborwear Caramel 3.5""w BK"	Hat Press Heat Press		L11	vrowinsky	003101
1671	2	1671.2	Approved	"Scientists in Parks 4""w WH"	Embroidery		AMW	vrowinsky	003101
1776	2	1776.2	Approved	"PVC Arb Patch 1.5""w BK"	Hat Press Heat Press		GEH	vrowinsky	003101
1859	3	1859.3	Approved	Arborwear Treeline 4”w WH	Embroidery			vrowinsky	003101
1889	1	1889.1	Approved	"Arborwear Script 12""w x 3.39""h"	Screen Print/Heat Transfer			vrowinsky	003101
1889	2	1889.2	Approved	"Arborwear Script 12""w GY"	Screen Print/Heat Transfer			vrowinsky	003101
1890	1	1890.1	Approved	"Arb Bartender 11""w x 7.39""h"	Screen Print/Heat Transfer			vrowinsky	003101
1890	2	1890.2	Approved	"Arb Bartender 11""w KH"	Screen Print/Heat Transfer			vrowinsky	003101
1891	1	1891.1	Approved	Arborwear 1C  8.25”w X 2.72”h	Screen Print/Heat Transfer			vrowinsky	003101
1891	2	1891.2	Approved	Arborwear 1C  8.25”w BK	Screen Print/Heat Transfer			vrowinsky	003101
1892	1	1892.1	Approved	"Arborwear Ovaless 2""w x .71""h"	Embroidery			vrowinsky	003101
1892	2	1892.2	Approved	"Arborwear Ovaless 2""w KH"	Embroidery			vrowinsky	003101
1893	1	1893.1	Approved	Knotty Pine 3C 10”w x 8.98”h	Screen Print/Heat Transfer			mmintz	007672
1894	1	1894.1	Approved	"JL Tree Svc 10.29""w x 10.5""h"	Screen Print/Heat Transfer			bpapsidero	000004
1895	1	1895.1	Approved	Knotty Pine 0.85”w x 18”h	Screen Print/Heat Transfer			mmintz	007672
1896	1	1896.1	Approved	Knotty Pine 2.51”w x 2.01”h	Embroidery		HAT	mmintz	007672
1897	1	1897.1	Approved	"Knotty Pine 1C 3.25""w x 2.4""h"	Screen Print/Heat Transfer			mmintz	007672
1898	1	1898.1	Approved	DCPS 11”w x 4.06”h	Screen Print/Heat Transfer			mmintz	036847
1899	1	1899.1	Approved	Ayers Well 3.5”w x 1.74”h	Embroidery			mmintz	000219
1900	1	1900.1	Approved	Bervy Evacuation 3”w x 3.02”h	Screen Print/Heat Transfer			mmintz	042855
1901	1	1901.1	Approved	Bervy Evacuation 11”w x 11.1”h	Screen Print/Heat Transfer			mmintz	042855
1902	1	1902.1	Approved	"Alpine Tree 2.48"" x 3.50"""	Screen Print/Heat Transfer			vrowinsky	000096
1902	2	1902.2	Approved	"Alpine Tree 2.48"" GNWH"	Screen Print/Heat Transfer			vrowinsky	000096
1903	1	1903.1	Approved	"Alpine Tree 10.25"" x 14"""	Screen Print/Heat Transfer			vrowinsky	000096
1903	2	1903.2	Approved	"Alpine Tree 10.25"" GNWH"	Screen Print/Heat Transfer			vrowinsky	003101
1904	1	1904.1	Approved	Bentleyville 3”w x 2.75”h	Screen Print/Heat Transfer			mmintz	028754
1905	1	1905.1	Approved	Billow's Tree 4”w x 0.79”h	Screen Print/Heat Transfer			mmintz	028418
1906	1	1906.1	Approved	Billow's Tree 9”w x 10.73”h	Screen Print/Heat Transfer			mmintz	028418
1907	1	1907.1	Approved	Billows Tree HVSA 6.7”w x 8”h	Screen Print/Heat Transfer			mmintz	028418
1908	1	1908.1	Approved	"Buckeye Tree Pro 5""w x 1.9""h"	Screen Print/Heat Transfer			mmintz	046443
1910	1	1910.1	Approved	"Buckeye Tree Pro 1C 11” x 6.9"""	Screen Print/Heat Transfer			mmintz	046443
1911	1	1911.1	Approved	Buckeye Tree Pro 11”w x 7.3”h	Screen Print/Heat Transfer			mmintz	046443
1912	1	1912.1	Approved	"Buckeye Tree Pro 10”w x 6.6""h"	Screen Print/Heat Transfer		HVSA **For XL only**	mmintz	046443
1913	1	1913.1	Approved	"Buckeye Tree Pro 1C 10” x 6.5"""	Screen Print/Heat Transfer			mmintz	046443
1914	1	1914.1	Approved	"Buckeye Tree 1C 4.5""w x 1.7""h"	Screen Print/Heat Transfer			mmintz	046443
1915	1	1915.1	Approved	"Bailey's Trees 3.5""w x 3.42""h"	Screen Print/Heat Transfer			mmintz	046886
1916	1	1916.1	Approved	Bella Terra 5”w X 5.84”h	Screen Print/Heat Transfer			vrowinsky	025192
1917	1	1917.1	Approved	Bailey's Trees 10”w x 9.76”h	Screen Print/Heat Transfer			mmintz	046886
1918	1	1918.1	Approved	Chagrin Falls CF 3.45”w x 5”h	Screen Print/Heat Transfer			mmintz	003487
1919	1	1919.1	Approved	"Carroll Tree 4""w x 0.75""h"	Screen Print/Heat Transfer			mmintz	000388
1920	1	1920.1	Approved	"Carroll Tree Accred 3"" x 3.22"""	Screen Print/Heat Transfer			mmintz	000388
1921	1	1921.1	Approved	Cle Metroparks Zoo 4” X 2.91”	Screen Print/Heat Transfer			vrowinsky	000461
474	2	474.2	Approved	"Philmont Flannel 1.5"" GY"	Embroidery		AQJ	vrowinsky	003101
648	2	648.2	Approved	Arbor Metrics 7”w GN	Screen Print/Heat Transfer		S17	vrowinsky	003101
1031	2	1031.2	Approved	"Pro Tree Service 11""w WH"	Screen Print/Heat Transfer		RT5	mmintz	003101
1099	2	1099.2	Approved	Arborwear Script 4.02”w GN	Embroidery		BXX	vrowinsky	003101
1171	2	1171.2	Approved	"Arborwear 3.13""w GY"	Embroidery		A2D	mmintz	003101
154	2	154.2	Approved	Utility Tree 3.75”w BKWHGN	Screen Print/Heat Transfer		S1U	mmintz	003101
1859	1	1859.1	Approved	"Arborwear Treeline 4”w X 1.29"""	Embroidery			vrowinsky	003101
1859	2	1859.2	Approved	Arborwear Treeline 4”w KH	Embroidery			vrowinsky	003101
1860	1	1860.1	Approved	"Brothers Tree MI 3.11""w x 3.5"""	Screen Print/Heat Transfer			mmintz	000338
1861	1	1861.1	Approved	"Brothers Tree MI 9.2""w x 11.25"	Screen Print/Heat Transfer			mmintz	000338
1862	1	1862.1	Approved	"Arborwear 3.5""w x 1.21""h"	Embroidery			vrowinsky	003101
1862	2	1862.2	Approved	"Arborwear 3.5""w BKGN"	Embroidery			vrowinsky	003101
1863	1	1863.1	Approved	"Northern Tier 2.5""w x 2""h"	Embroidery			vrowinsky	001341
1863	2	1863.2	Approved	"Northern Tier 2.5""w KH"	Embroidery			vrowinsky	003101
1864	1	1864.1	Approved	Mickman Brother's 3.5”w X 2.3”	Screen Print/Heat Transfer			vrowinsky	002388
1865	1	1865.1	Approved	ABC Tree 3.5”w x 1.89”h	Screen Print/Heat Transfer			mmintz	035393
1866	1	1866.1	Approved	"Next Level-Safety 2""w x 2""h"	Screen Print/Heat Transfer			mmintz	002127
1867	1	1867.1	Approved	"All Family 2C 3.5""w x 1.39""h"	Screen Print/Heat Transfer			mmintz	031616
1868	1	1868.1	Approved	"Atlas 11""w x 6.04""h"	Screen Print/Heat Transfer			mmintz	030570
1869	1	1869.1	Approved	"Atlas 7""w x 3.84""h"	Screen Print/Heat Transfer			mmintz	030570
1870	1	1870.1	Approved	Weinstein 7”w x 4.67”h	Screen Print/Heat Transfer			mmintz	002377
1871	1	1871.1	Approved	Affordable Tree 30+ 4”w x 2.18	Screen Print/Heat Transfer			mmintz	000061
1872	1	1872.1	Approved	Central CT 3.6”w X 3.34”h	Embroidery			vrowinsky	001647
1873	1	1873.1	Approved	"Affordable Tree 5""h x 11""h"	Screen Print/Heat Transfer			mmintz	000061
1874	1	1874.1	Approved	All Things Vertical 10”w x 10”	Screen Print/Heat Transfer			mmintz	042201
1875	1	1875.1	Approved	All Things Vertical 3.5” x 3.5	Screen Print/Heat Transfer			mmintz	042201
1876	1	1876.1	Approved	"Arborist Trainer 4”w x 1.79""h"	Screen Print/Heat Transfer			vrowinsky	002120
1877	1	1877.1	Approved	Big Foot Mitiga 3.5”w x 3.57”h	Screen Print/Heat Transfer		Special Instructions: Please use the same exact logo, size, and placement as my last order	mmintz	042104
1878	1	1878.1	Approved	"Barrett Tree 8""w x 8""h"	Screen Print/Heat Transfer			mmintz	000239
1879	1	1879.1	Approved	"Balet Tree 8”w x 2.39""h"	Screen Print/Heat Transfer			mmintz	047128
1880	1	1880.1	Approved	"Balet Tree 4”w x 1.2""h"	Screen Print/Heat Transfer			mmintz	047128
1881	1	1881.1	Approved	"Bartlett Flags 4""w X 2.26""h"	Screen Print/Heat Transfer			vrowinsky	002120
1882	1	1882.1	Approved	Branch and Blade 9.73”w x 12”h	Screen Print/Heat Transfer			mmintz	000183
1883	1	1883.1	Approved	"Bartlett Safety MGMT 4""w x 3""h"	Screen Print/Heat Transfer			vrowinsky	002120
1884	1	1884.1	Approved	Branch and Blade 2.76”w x 3.25	Screen Print/Heat Transfer			mmintz	000183
1885	1	1885.1	Approved	Bella Terra 11”w x 6.59”h	Screen Print/Heat Transfer			mmintz	025192
1886	1	1886.1	Approved	"Brightview Tree 9.5""w x 3.8""h"	Screen Print/Heat Transfer			vrowinsky	000332
1887	1	1887.1	Approved	"BrightView Tree 7.5""w x 3.1""h"	Screen Print/Heat Transfer			vrowinsky	000332
1888	1	1888.1	Approved	"All Erection 3.72""w x 1.79""h"	Embroidery			bpapsidero	000081
318	2	318.2	Approved	Southview Design 3.75” BK	Screen Print/Heat Transfer		SBR	mmintz	003101
319	2	319.2	Approved	Southview Design 11”w BK	Screen Print/Heat Transfer		SBS	mmintz	003101
389	2	389.2	Approved	"Philmont Staff 2.2""w GNWHBL"	Embroidery		AHU	vrowinsky	003101
423	2	423.2	Approved	"Stay Sharp 3.45""w KHRD"	Hat Press Heat Press			vrowinsky	003101
423	3	423.3	Approved	"Stay Sharp 3.45""w NVRDYW"	Hat Press Heat Press			mmintz	003101
70	4	70.4	Approved	"Xylem 3.5""w WHGNGN"	Embroidery		AC2	vrowinsky	003101
1807	1	1807.1	Approved	Arb 3D Emb Patch 3”w x 2.3”h	Hat Press Heat Press		GEI	MMINTZ	003101
1808	1	1808.1	Approved	Tree Tech 1C 7”w x 3.76”h	Screen Print/Heat Transfer		TP2	MMINTZ	001911
1809	1	1809.1	Approved	GreenWorks 3.5”w x 2.5”h	Screen Print/Heat Transfer		TP7	MMINTZ	001647
1810	1	1810.1	Approved	"Davey Institute 3.5""w x 1.67""h"	Screen Print/Heat Transfer		TPA	MMINTZ	002387
1811	1	1811.1	Approved	Dons All Green 4.02”w x 1.77”h	Embroidery		C6F	MMINTZ	040608
1812	1	1812.1	Approved	Don's All Green 3.82”w x 1.68”	Embroidery		C7W	MMINTZ	040608
1813	1	1813.1	Approved	High Point 3.34”w x 3.50”h	Embroidery		C7V	MMINTZ	026427
1814	1	1814.1	Approved	"GreenWorks 2.93"" x 2.2""h"	Embroidery		C7Y - HAT	MMINTZ	001647
1815	1	1815.1	Approved	Philm A-Team 26 2.02”w x 1.83”	Embroidery		C82 - HAT	MMINTZ	001450
1816	1	1816.1	Approved	"Philmont Conserv 2.02""w x 1.72"	Embroidery		C83 - HAT	MMINTZ	001450
1817	1	1817.1	Approved	Unified Fire 3.51”w x 2.94”h	Embroidery		C7U	MMINTZ	001947
1818	1	1818.1	Approved	"Bartlett Safety 3.97”w x 2.11"""	Embroidery		C8B	MMINTZ	002120
1819	1	1819.1	Approved	Bartlett Safety 1.39”w x 2.01”	Embroidery		C8D - HAT	MMINTZ	002120
1820	1	1820.1	Approved	"Arborwood Craw 1.42""w x 1.50""h"	Embroidery		C85 - HAT	MMINTZ	000193
1821	1	1821.1	Approved	Arborwood Boil 26 2.50”w x .94	Embroidery		C86 - HAT	MMINTZ	000193
1822	1	1822.1	Approved	Arborwood CrawBoil 2.99” x 3.5	Embroidery		C88	MMINTZ	000193
1823	1	1823.1	Approved	JLs Tree Treeline 4.01” x 1.24	Embroidery		C8J - HAT	MMINTZ	027290
1824	1	1824.1	Approved	Canopy Infra 2C 3.75”w x 1”h	Screen Print/Heat Transfer		TQI	MMINTZ	000002
1825	1	1825.1	Approved	Canopy Infra 1C 3.75”w x 1”h	Screen Print/Heat Transfer		TQH	MMINTZ	000002
1826	1	1826.1	Approved	Canopy Infra 7”w x 2”h	Screen Print/Heat Transfer		TQJ	MMINTZ	000002
1827	1	1827.1	Approved	Coastal 2.5”w x 3.34”h	Screen Print/Heat Transfer		TQ8	MMINTZ	000003
1828	1	1828.1	Approved	Coastal 2.52”w x 2.37”h	Embroidery		C8M	MMINTZ	000003
1829	1	1829.1	Approved	Stewarts 4”w x 1.23”h	Screen Print/Heat Transfer		TP9	MMINTZ	002398
1830	1	1830.1	Approved	Old Growth 3”w x 2.9”h	Screen Print/Heat Transfer		TPB	MMINTZ	002360
1831	1	1831.1	Approved	"Shade Tree 4""w x .5""h"	Embroidery		A9Y	vrowinsky	001672
1832	1	1832.1	Approved	NE Day of Safety 2026	Screen Print/Heat Transfer		PEF	MMINTZ	001306
1833	1	1833.1	Approved	Wright Safety 11”w x 7.8”h	Screen Print/Heat Transfer		TPG	MMINTZ	002095
1834	1	1834.1	Approved	"Wright Safety 2.5""w x 3.84""h"	Screen Print/Heat Transfer		TPF	MMINTZ	002095
1835	1	1835.1	Approved	NE ISA TCC 2026 - Climber	Screen Print/Heat Transfer		PEG	MMINTZ	003009
1836	1	1836.1	Approved	NE ISA TCC 2026 - Judge	Screen Print/Heat Transfer		PEI	MMINTZ	003009
1837	1	1837.1	Approved	NE ISA TCC 2026 - Sponsor	Screen Print/Heat Transfer		PEH	MMINTZ	003009
1838	1	1838.1	Approved	"Big Sky Road 2.37”w x 2.5""h"	Screen Print/Heat Transfer		TQ2	MMINTZ	020207
1839	1	1839.1	Approved	"Big Sky Snowmaking 3""w x 3""h"	Screen Print/Heat Transfer		Z1X	MMINTZ	020207
1840	1	1840.1	Approved	Big Sky Snowmaking 10”w x 10”h	Screen Print/Heat Transfer		TQ1	MMINTZ	020207
1841	1	1841.1	Approved	"West Valley Arb 2.4""w x 3""h"	Screen Print/Heat Transfer		TPX	MMINTZ	009870
1842	1	1842.1	Approved	West Valley Arb 11”w x 5.7”h	Screen Print/Heat Transfer		TPY	MMINTZ	009870
1843	1	1843.1	Approved	"Trenary's Tree 3.5""w x 2.36""h"	Screen Print/Heat Transfer		Z1Y	MMINTZ	003911
1844	1	1844.1	Approved	"One Year Service 6""w x 1.89""h"	Screen Print/Heat Transfer		S58	MMINTZ	003101
1845	1	1845.1	Approved	"One Year Service 11""w x 5.46""h"	Screen Print/Heat Transfer		S59	MMINTZ	003101
1846	1	1846.1	Approved	Crawfish Boil 2026 (2 Loc)	Screen Print/Heat Transfer		PDZ	mmintz	003101
1847	1	1847.1	Approved	"Arborwear SawDust 11”w x 3.62"""	Screen Print/Heat Transfer		TNC	mmintz	003101
1848	1	1848.1	Approved	Arborwear Treeline 10”w x 3.38	Screen Print/Heat Transfer		TP6	mmintz	003101
1849	1	1849.1	Approved	"Arborwear Tag (S) 2""w x 0.77""h"	Screen Print/Heat Transfer		TMK	mmintz	003101
1850	1	1850.1	Approved	"Arborwear Tag (L) 2""w x 0.77""h"	Screen Print/Heat Transfer		TMM	mmintz	003101
1851	1	1851.1	Approved	"Arborwear Tag (XL) 2""w x 0.77"""	Screen Print/Heat Transfer		TMN	mmintz	003101
1852	1	1852.1	Approved	"Arborwear Tag (XS) 2""w x 0.77"""	Screen Print/Heat Transfer		TMJ	mmintz	003101
1853	1	1853.1	Approved	"Arborwear Tag (2XL) 2""w x 0.77"	Screen Print/Heat Transfer		TMP	mmintz	003101
1854	1	1854.1	Approved	"Arborwear Tag (M) 2""w x 0.77""h"	Screen Print/Heat Transfer		TML	mmintz	003101
1855	1	1855.1	Approved	"Arborwear 3.5""w x 1.19""h"	Screen Print/Heat Transfer		SVY	mmintz	003101
1856	1	1856.1	Approved	Advance Tree 11”w x 5.5”h	Screen Print/Heat Transfer		S2I	mmintz	004082
1857	1	1857.1	Approved	Advance Tree 3.75”w x 1.87”h	Screen Print/Heat Transfer		S2H	mmintz	004082
1858	1	1858.1	Approved	"Aerial Solutions 3.5""w x 2.46"""	Screen Print/Heat Transfer		TN7	mmintz	039012
127	2	127.2	Approved	Phillips & Jordan 7”w BKYWWH	Screen Print/Heat Transfer		RWN	mmintz	003101
1343	2	1343.2	Approved	"Townsend SF 3.02""w BK"	Screen Print/Heat Transfer		RNX	vrowinsky	003101
160	2	160.2	Approved	"Phillips & Jordan 9""w BKYWWH"	Screen Print/Heat Transfer		RLE	vrowinsky	001448
1759	3	1759.3	Approved	"Arborcare Tree 3""w BK"	Screen Print/Heat Transfer		QSR	vrowinsky	003101
1771	1	1771.1	Approved	Region 062 Field 3.21”w x 0.76	Embroidery		C76	mmintz	002127
1772	1	1772.1	Approved	"FE Veg Mngt 3.50”w x 1.30""h"	Embroidery		C77	mmintz	000700
1773	1	1773.1	Approved	"Helix 4""w x 0.99""h"	Screen Print/Heat Transfer		TL6	mmintz	004411
1774	1	1774.1	Approved	Helix Text 11.45”w x 13”h	Screen Print/Heat Transfer		TLB	mmintz	004411
1775	1	1775.1	Approved	Tree Tech 1C 11.5”w x 6.18”h	Screen Print/Heat Transfer		TM4	mmintz	001911
1776	1	1776.1	Approved	"PVC Arb Patch 1.5""w x 1.5""h"	Hat Press Heat Press		GEH	mmintz	003101
1777	1	1777.1	Approved	"Arb 3D Emb Kids Patch 2”x1.56"""	Hat Press Heat Press		GEK	mmintz	003101
1778	1	1778.1	Approved	"Xylem Tree Care 1C 7""w x 1.95"""	Screen Print/Heat Transfer		TMC	mmintz	030799
1779	1	1779.1	Approved	"Small Arb Leather 1""w x 1""h"	Hat Press Heat Press		GEL	vrowinsky	003101
1779	2	1779.2	Approved	"Small Arb Leather 1""w BR"	Hat Press Heat Press		GEL	vrowinsky	003101
1780	1	1780.1	Approved	"Xylem Tree Care 1C 3.5""w x 1""h"	Screen Print/Heat Transfer		TM5	mmintz	030799
1782	1	1782.1	Approved	American Flag 2.02”w x 1.39”h	Embroidery		C7B hat added to right side of hat on the mesh	mmintz	*
1783	1	1783.1	Approved	"Canopy Infrastr 3.76”w X 1.09"""	Embroidery		C8W	vrowinsky	002102
1784	1	1784.1	Approved	MAC ISA 8.74”w x 9”h	Screen Print/Heat Transfer		ST7	mmintz	001148
1785	1	1785.1	Approved	MAC ISA '26 Comp 11”w x 10.98”	Screen Print/Heat Transfer		TK3	mmintz	001148
1786	1	1786.1	Approved	MAC ISA '26 Vol 11”w x 10.94”	Screen Print/Heat Transfer		TK4	mmintz	001148
1787	1	1787.1	Approved	MAC ISA '26 Staff 11”w x 10.95	Screen Print/Heat Transfer		TK5	mmintz	001148
1788	1	1788.1	Approved	MAC ISA '26 Judge 11”w x 10.84	Screen Print/Heat Transfer		TK6	mmintz	001148
1789	1	1789.1	Approved	"MAC ISA '26 Tech 11”w x 10.95"""	Screen Print/Heat Transfer		TK7	mmintz	001148
1791	1	1791.1	Approved	Flower City Tree 3”w x 3”h	Screen Print/Heat Transfer		TMV	mmintz	015431
1792	1	1792.1	Approved	KDF Tree 1.7”w x 3.5”h	Screen Print/Heat Transfer		TMW	mmintz	025319
1793	1	1793.1	Approved	"Bartlett 3.5""w x 1.4""h"	Screen Print/Heat Transfer		TMI	mmintz	002120
1794	1	1794.1	Approved	GreenWorks 3.44”w x 2.50”h	Embroidery		C7E	mmintz	001647
1795	1	1795.1	Approved	Hoy Landscaping 3.61”w x 1.69”	Embroidery		C7H	mmintz	000832
1796	1	1796.1	Approved	"Tree Care Utility 3.5""w x 1.87"	Screen Print/Heat Transfer		TNH	mmintz	001880
1797	1	1797.1	Approved	"Tree Care of NY 3.5""w x 1.6""h"	Screen Print/Heat Transfer		TNI	mmintz	001880
1798	1	1798.1	Approved	"Digeronimo Comp 3.5""w x .65""h"	Screen Print/Heat Transfer		TNJ	mmintz	000949
1799	1	1799.1	Approved	"Independence Con 3.5""w x 0.92"""	Screen Print/Heat Transfer		TNK	mmintz	000949
1800	1	1800.1	Approved	"DiGeronimo Dev 3.5""w x 0.7”h"	Screen Print/Heat Transfer		TNL	mmintz	000949
1801	1	1801.1	Approved	"Dreamworks 4""w x 1.1""h"	Screen Print/Heat Transfer		TPH	vrowinsky	006109
1802	1	1802.1	Approved	Dreamworks 11”w X 3.44”h	Screen Print/Heat Transfer		TPI	vrowinsky	006109
1803	1	1803.1	Approved	Dreamworks 8”w X 2.5”h	Screen Print/Heat Transfer		TPJ	vrowinsky	006109
1804	1	1804.1	Approved	"Daikin 3""w x .7""h"	Embroidery		A4C	vrowinsky	000752
1804	2	1804.2	Approved	"Daikin 3""w x BK"	Embroidery		A4C	vrowinsky	003101
1805	1	1805.1	Approved	"Gardiner 3""w x .75""h"	Embroidery		A5J	vrowinsky	000752
1805	2	1805.2	Approved	"Gardiner 3""w x WH"	Embroidery		A5J	vrowinsky	003101
1806	1	1806.1	Approved	"Rainbow Companies 8""w x 3""h"	Screen Print/Heat Transfer		RY7	mquinn	001527
382	2	382.2	Approved	"Arb Hexagon 2.75""w BR"	Hat Press Heat Press		L15	vrowinsky	003101
435	2	435.2	Approved	"Arborwear 2.18""w WH"	Screen Print/Heat Transfer		SLE	vrowinsky	003101
436	2	436.2	Approved	"Arborwear Tag 1.6""w WH"	Screen Print/Heat Transfer		RKD	vrowinsky	003101
45	2	45.2	Approved	"Davey Arboristry 3.5""w BK"	Screen Print/Heat Transfer		RTB	vrowinsky	003101
462	2	462.2	Approved	SavATree Sussex 3.51”w KHGNWH	Embroidery		BSW	mmintz	003101
104	2	104.2	Approved	"Lucas 2.89""w RDGNBK"	Embroidery		A7H	mmintz	003101
105	2	105.2	Approved	Joshua Tree 3.5”w GNFC	Embroidery		B9F	mmintz	003101
1396	2	1396.2	Approved	"McCulloughs 12""w WHGN"	Screen Print/Heat Transfer		Q6B	mmintz	003101
1397	2	1397.2	Approved	"McCulloughs 4""w WHGN"	Screen Print/Heat Transfer		Q6C	mmintz	003101
1518	2	1518.2	Approved	Preservation Parks 2”w WHBLOR	Embroidery		B8J	mmintz	003101
1557	2	1557.2	Approved	"Mainscape Keys 3.5""w WHGNYW"	Screen Print/Heat Transfer		TIG	mmintz	003101
1561	2	1561.2	Approved	Mainscape 9”w BK	Screen Print/Heat Transfer		TIH - BK	mmintz	003101
1562	2	1562.2	Approved	Mainscape 8”w BK	Screen Print/Heat Transfer		TII - BK	mmintz	003101
1603	2	1603.2	Approved	TTAP 1C 10”w WH	Screen Print/Heat Transfer		TKJ - WH	vrowinsky	003101
167	2	167.2	Approved	Joshua Tree 3.5”w GNFC	Screen Print/Heat Transfer		S4R - GNFC	mmintz	003101
168	2	168.2	Approved	Joshua Tree 11”w GNFC	Screen Print/Heat Transfer		S4S - GNFC	mmintz	003101
1755	1	1755.1	Open	Kitting Assembly	Kit Assembly	KIT		joelr	*
1756	1	1756.1	Approved	SavATree 7”w x 3.18”h	Screen Print/Heat Transfer		SGN	mmintz	001647
1757	1	1757.1	Approved	"Tree Care Utility 4""w x 1.84""h"	Screen Print/Heat Transfer		G98	mmintz	001880
1758	1	1758.1	Approved	"Tree Care Nation 4""w x 1.84""h"	Screen Print/Heat Transfer		G9A	mmintz	001880
1759	1	1759.1	Approved	"Arborcare Tree 3""w x 3.24""h"	Screen Print/Heat Transfer		QSR	vrowinsky	002121
1759	2	1759.2	Approved	"Arborcare Tree 3""w GN"	Screen Print/Heat Transfer		QSR - GN	vrowinsky	003101
1760	1	1760.1	Approved	"Arborcare 440 12""w x 8.25""h"	Screen Print/Heat Transfer		QST	vrowinsky	002121
1760	2	1760.2	Approved	"Arborcare 440 12""w WH"	Screen Print/Heat Transfer		QST - WH	vrowinsky	003101
1761	1	1761.1	Approved	"Townsend 2""w x 1""h"	Embroidery		AAN - HAT	vrowinsky	002121
1761	2	1761.2	Approved	"Townsend 2""w GY"	Embroidery		AAN - HAT - GY	vrowinsky	003101
1762	1	1762.1	Approved	"Enviro Arbor Solu 4.25""w x 2.8"	Screen Print/Heat Transfer		SBJ	mmintz	024961
1762	2	1762.2	Approved	"Enviro Arbor Solu 4.25""w GNGD"	Screen Print/Heat Transfer		SBJ - GNGD	mmintz	003101
1763	1	1763.1	Approved	"Summit TS Sleeve 4.27""w x 13"""	Screen Print/Heat Transfer		RNA	vrowinsky	022905
1763	2	1763.2	Approved	"Summit TS Sleeve 4.27""w WHGNLM"	Screen Print/Heat Transfer		RNA - WHGNLM	vrowinsky	003101
1764	1	1764.1	Approved	"Enviro Arbor Solu 11""w x 7.26"""	Screen Print/Heat Transfer		SBK	mmintz	024961
1764	2	1764.2	Approved	"Enviro Arbor Solu 11""w GNGD"	Screen Print/Heat Transfer		SBK - GNGD	mmintz	003101
1765	1	1765.1	Approved	"Summit TS LC 4C 3.25""w X 3.23"""	Screen Print/Heat Transfer		RNB	vrowinsky	022905
1765	2	1765.2	Approved	"Summit TS LC 4C 3.25""w WHGNLM"	Screen Print/Heat Transfer		RNB - WHGNLM	vrowinsky	003101
1766	1	1766.1	Approved	"Premier Icon 8""w x 12.75""h"	Screen Print/Heat Transfer		QTU	vrowinsky	001488
1766	2	1766.2	Approved	"Premier Icon 8""w BK"	Screen Print/Heat Transfer		QTU - BK	vrowinsky	003101
1767	1	1767.1	Approved	"Premier Stacked 2.75""w x 3""h"	Screen Print/Heat Transfer		QVQ	vrowinsky	001488
1767	2	1767.2	Approved	"Premier Stacked 2.75""w BK"	Screen Print/Heat Transfer		QVQ - BK	vrowinsky	003101
1769	1	1769.1	Approved	Monarch 7”w x 3.48”h	Screen Print/Heat Transfer		SYE  - HVSA	vrowinsky	002256
1769	2	1769.2	Approved	Monarch 7”w RD	Screen Print/Heat Transfer		SYE  - HVSA - RD	vrowinsky	003101
1770	1	1770.1	Approved	Monarch (Pocket) 3.5”w x 1.74”	Screen Print/Heat Transfer		SYI	vrowinsky	002256
1770	2	1770.2	Approved	Monarch (Pocket) 3.5”w RD	Screen Print/Heat Transfer		SYI - RD	vrowinsky	003101
189	2	189.2	Approved	"Arbor Masters 6""w WH"	Screen Print/Heat Transfer			mmintz	003101
189	3	189.3	Approved	"Arbor Masters 6""w NV"	Screen Print/Heat Transfer		QF3	mmintz	003101
259	2	259.2	Approved	"Philmont Bottoms 1.61"" GY"	Embroidery		AHT	vrowinsky	003101
398	2	398.2	Approved	Ruppert Nurseries 4”w WH	Screen Print/Heat Transfer		SFL - WH	mmintz	003101
399	2	399.2	Approved	Ruppert Nurseries 11”w BK	Screen Print/Heat Transfer		SFM - BK	mmintz	003101
503	2	503.2	Approved	"Ironwood 3.5""w RDYWBK"	Screen Print/Heat Transfer		RCF - RDYWBK	mmintz	003101
511	2	511.2	Approved	"Campo 12""w RDBK"	Screen Print/Heat Transfer		QGR - RDBK	mmintz	003101
512	2	512.2	Approved	"Campo 12""w BK"	Screen Print/Heat Transfer		QGS - BK	mmintz	003101
1734	1	1734.1	Approved	EDM w/ tagline 3.01”w X 2.61”h	Embroidery		C6K	vrowinsky	047126
1735	1	1735.1	Approved	EDM 1C 3”w X 2.64”h	Screen Print/Heat Transfer		TKV	vrowinsky	047126
1736	1	1736.1	Approved	Everett 1C 3.5”w x 1.03”h	Screen Print/Heat Transfer		T1J	mmintz	002121
1737	1	1737.1	Approved	EDM 2C 3”w X 2.64”h	Screen Print/Heat Transfer		TL3	vrowinsky	047126
1738	1	1738.1	Approved	West Tree 3.5”w x 1.26”h	Screen Print/Heat Transfer		T1R	mmintz	002121
1739	1	1739.1	Approved	"Cert Tree Worker 1.7""w x 2.62"""	Screen Print/Heat Transfer		R1H	vrowinsky	974
1740	1	1740.1	Approved	Woodson 3.5”w x 0.87”h	Screen Print/Heat Transfer		T1S	mmintz	002121
1741	1	1741.1	Approved	"Row Care 3.5""w x 0.64""h"	Screen Print/Heat Transfer		RSI	mmintz	002121
1742	1	1742.1	Approved	"Trees Are good 3.5""w x 1.44""h"	Screen Print/Heat Transfer		GAQ	vrowinsky	974
1743	1	1743.1	Approved	ISA Urban Forest 2.04”w x 3.53	Embroidery		BT3	mmintz	974
1744	1	1744.1	Approved	"Cert Tree Climber 2.05"" x 3.53"	Embroidery		B89	mmintz	974
1745	1	1745.1	Approved	"Tree Care Utility 4""w x 2.2""h"	Embroidery		AIH	vrowinsky	001880
1746	1	1746.1	Approved	"Tree Care Nation 4""w x 1.84""h"	Screen Print/Heat Transfer		G9F	mmintz	001880
1747	1	1747.1	Approved	"Tree Care of NY 4""w x 1.84""h"	Screen Print/Heat Transfer		G9E	mmintz	001880
1748	1	1748.1	Approved	"Treeways 9""w x 2.34""h"	Screen Print/Heat Transfer		STP	mmintz	020619
1749	1	1749.1	Approved	Wachtel 7”w x 4.76”h	Screen Print/Heat Transfer		SAP	mmintz	002016
1750	1	1750.1	Approved	XKIG 4.02”w x 1.57”h	Embroidery		BWQ	mmintz	044240
1752	1	1752.1	Approved	"Treesmiths 3C 3.75""w x 1.57""h"	Screen Print/Heat Transfer		G6H	vrowinsky	020619
1753	1	1753.1	Approved	Langs 3.5”w X 2.6”h	Screen Print/Heat Transfer		SYK	vrowinsky	001647
1754	1	1754.1	Approved	"Hazlett 2.5""w X 2""h"	Screen Print/Heat Transfer		RLL	vrowinsky	020619
300	2	300.2	Approved	"Monarch 4""w WHORGN"	Screen Print/Heat Transfer		QYJ	vrowinsky	003101
1707	1	1707.1	Approved	"Monarch True North 7""w x 6.71"""	Screen Print/Heat Transfer		SB2	vrowinsky	002256
1708	1	1708.1	Approved	"Monster PHC BR Tag 3.5""w X 1.8"	Screen Print/Heat Transfer		RGD	vrowinsky	002326
1709	1	1709.1	Approved	"Monster TEAM 12""w x 3.8""h"	Screen Print/Heat Transfer		RVW	vrowinsky	002326
1710	1	1710.1	Approved	"Nelson 3""w x 1.33""h"	Screen Print/Heat Transfer		Q6R	mmintz	001290
1711	1	1711.1	Approved	"Monster Arborist 12""w x 2.5""h"	Screen Print/Heat Transfer		S7C	vrowinsky	002326
1712	1	1712.1	Approved	"Tri-County Electric 9""w x 3""h"	Screen Print/Heat Transfer		R76	vrowinsky	002170
1713	1	1713.1	Approved	O'Connell 3C 4”w x.91”h	Screen Print/Heat Transfer		SXB	mmintz	014800
1714	1	1714.1	Approved	"Tri-County 2C 4""w x 1.3""h"	Screen Print/Heat Transfer		R74	mmintz	002170
1715	1	1715.1	Approved	Tri-County  7”w X 2.28”h	Screen Print/Heat Transfer		RBV	vrowinsky	002170
1716	1	1716.1	Approved	"Tri-County Electric 4""w x 1.25"	Screen Print/Heat Transfer		R75	vrowinsky	002170
1717	1	1717.1	Approved	"Tri-County Elec 3.25"" x 1.08""h"	Embroidery		AB5	vrowinsky	002170
1718	1	1718.1	Approved	"Premier Service 2.87""w x 3.01"""	Embroidery		AVP	mmintz	001488
1719	1	1719.1	Approved	"Rayco 10""w x 6""h"	Screen Print/Heat Transfer		G5F	mmintz	001532
1720	1	1720.1	Approved	PestExperts 1C 3.5”w X 2.24”h	Screen Print/Heat Transfer		SBQ	vrowinsky	001527
1722	1	1722.1	Approved	"Rayco Darks 3.02""w x 2.29""h"	Embroidery		A9B	mmintz	001532
1723	1	1723.1	Approved	"Rayco 3.01""w x 2.28""h"	Embroidery		A9A	mmintz	001532
1724	1	1724.1	Approved	SavATree Canada 3.51”w x 2.28”	Embroidery		BXV	mmintz	001647
1725	1	1725.1	Approved	"SCA Conser 65 yrs 9.5""w x 5.9"""	Screen Print/Heat Transfer		RFG	mmintz	002118
1726	1	1726.1	Approved	Don’s All Green 12”w x 5.2”h	Screen Print/Heat Transfer		THI	mmintz	040608
1727	1	1727.1	Approved	"Don’s All Green 4.5""w x 1.9""h"	Screen Print/Heat Transfer		THH	mmintz	040608
1728	1	1728.1	Approved	Everett 3.51”w x 1.05”h	Embroidery		BTX - HAT	mmintz	002121
1729	1	1729.1	Approved	Rayor's Edge 3.99”w x 1.53”h	Embroidery		BZ2	mmintz	002121
1730	1	1730.1	Approved	New Urban 3.51”w x 1.85”h	Embroidery		BU2 - HAT	mmintz	002121
1731	1	1731.1	Approved	"SAT Canada HAT 3.08”w X 2.02""h"	Embroidery		BXW	vrowinsky	001647
1732	1	1732.1	Approved	New Urban 1C 3.5”w x 1.83”h	Screen Print/Heat Transfer		T1Q	mmintz	002121
1733	1	1733.1	Approved	New Urban 2C 3.5”w x 1.83”h	Screen Print/Heat Transfer		T1P	mmintz	002121
232	2	232.2	Approved	"Xylem Tree Care 3.5""w WHFC"	Embroidery		B8F - WHFC	mmintz	003101
245	2	245.2	Approved	"Xylem Sleeve 2.2""w BK"	Screen Print/Heat Transfer		QAR - BK	mmintz	003101
647	2	647.2	Approved	"Monster ""Arborist"" 12” BRGN"	Screen Print/Heat Transfer		RZH - BRGN	mmintz	003101
1704	1	1704.1	Approved	"DiGeronimo Develop 4""w X .79""h"	Screen Print/Heat Transfer		S3I	vrowinsky	000949
1705	1	1705.1	Approved	"Sustainable Solutions 4""w x 2"""	Embroidery		AIJ	vrowinsky	002256
1706	1	1706.1	Approved	"Monarch True North 3.5"" x 3.36"	Screen Print/Heat Transfer		SBV	vrowinsky	002256
1699	1	1699.1	Approved	Aerial Solutions 4”w X 2.84”h	Embroidery		BXI	vrowinsky	039012
1700	1	1700.1	Approved	Aerial Solutions 3.13”w X 2.22	Embroidery		BXJ - HAT	vrowinsky	039012
1701	1	1701.1	Approved	Aerial Solutions 4.01”w X 0.75	Embroidery		BYL	vrowinsky	039012
1702	1	1702.1	Approved	Aerial Solutions 2.76”w X 0.53	Embroidery		BYM - HAT Panel	vrowinsky	039012
1703	1	1703.1	Approved	Aerial Sol Script 12”w X 3.01”	Screen Print/Heat Transfer		TBX	vrowinsky	039012
121	2	121.2	Approved	"ISA Hats 3.80""w BK"	Embroidery		ACH - BK	mmintz	003101
133	3	133.3	Approved	Lucas 3.5”w WH	Screen Print/Heat Transfer		SYR - WH	vrowinsky	003101
134	2	134.2	Approved	"ISA BCMA 1.5""w BK"	Embroidery		A6P - BK	mmintz	003101
134	3	134.3	Approved	"ISA BCMA 1.5""w WH"	Embroidery		A6P - WH	mmintz	003101
1694	1	1694.1	Approved	"Townsend 3 yrs 3.46""w X 1.99""h"	Embroidery		AVC	vrowinsky	002121
1694	2	1694.2	Approved	"Townsend 3 yrs 3.46""w WHGD"	Embroidery		AVC - WHGD	vrowinsky	003101
1695	1	1695.1	Approved	"Townsend SF 3.01""w x 2.2""h"	Embroidery		AAT	vrowinsky	002121
1695	2	1695.2	Approved	"Townsend SF 3.01""w BK"	Embroidery		AAT - BK	vrowinsky	003101
1696	1	1696.1	Approved	"ISA 2.99""w x 2.66""h"	Embroidery		A6N	mmintz	000974
1696	2	1696.2	Approved	"ISA 2.99""w BK"	Embroidery		A6N - BK	mmintz	003101
1696	3	1696.3	Approved	"ISA 2.99""w WH"	Embroidery		A6N - WH	mmintz	003101
1697	1	1697.1	Approved	"ISA Emb Circle Patch 2.25"""	Hat Press Heat Press		GDC	mmintz	000974
1697	2	1697.2	Approved	"ISA Emb Circ Patch 2.25"" WHBK"	Hat Press Heat Press		GDC - WHBK	mmintz	003101
1698	1	1698.1	Approved	"Cert Tree Worker 1.7""w x 2.62"""	Embroidery		A3J	mmintz	000974
1698	2	1698.2	Approved	"Cert Tree Worker 1.7""w WHBK"	Embroidery		A3J - WHBK	mmintz	003101
1698	3	1698.3	Approved	"Cert Tree Worker 1.7""w BKWH"	Embroidery		A3J - BKWH	mmintz	003101
171	2	171.2	Approved	"ISA BCMA 1C 2""w WH"	Screen Print/Heat Transfer		G7E R39 - WH	mmintz	003101
171	3	171.3	Approved	"ISA BCMA 1C 2""w BK"	Screen Print/Heat Transfer		G7E R39 - BK	mmintz	003101
176	2	176.2	Approved	"ISA member 3""w Multi"	Screen Print/Heat Transfer		RT6 - Multi	mmintz	003101
177	2	177.2	Approved	"ISA Member 3.02""w WHBK"	Embroidery		B2Q - WHBK	mmintz	003101
178	3	178.3	Approved	"NGG Gilbert 3.75""w BK"	Screen Print/Heat Transfer		Q6X - BK	vrowinsky	003101
204	2	204.2	Approved	"ISA Future Arborist 4""w BK"	Screen Print/Heat Transfer		QFK	mmintz	003101
225	4	225.4	Approved	Southern Line 3.5”w WH	Embroidery		BEV - WH	vrowinsky	003101
236	2	236.2	Approved	"ISA Utility Spec 2""w BK"	Screen Print/Heat Transfer		G7F - BK	mmintz	003101
425	4	425.4	Approved	Swarts Mowing  3.5”w GY	Embroidery		BMW - GY	vrowinsky	003101
535	2	535.2	Approved	Lucas Safety 3.5”w BK	Screen Print/Heat Transfer		T3I - BK	vrowinsky	003101
535	3	535.3	Approved	Lucas Safety 3.5”w WH	Screen Print/Heat Transfer		T3I - WH	vrowinsky	003101
554	2	554.2	Approved	"Row Care Safety 3.5""w BK"	Screen Print/Heat Transfer		RQ9 - BK	vrowinsky	003101
77	2	77.2	Approved	"Certified Arb 1.69""w WH"	Embroidery		A3H	mmintz	003101
77	3	77.3	Approved	"Certified Arb 1.69""w BK"	Embroidery		A3H	mmintz	003101
873	2	873.2	Approved	Swartz Pipeline 3.52”w GY	Embroidery		BMX - GY	vrowinsky	003101
90	2	90.2	Approved	"ISA Certified Arb 2""w BK"	Screen Print/Heat Transfer		Q32	mmintz	003101
90	3	90.3	Approved	"ISA Certified Arb 2""w WH"	Screen Print/Heat Transfer		Q32	mmintz	003101
903	2	903.2	Approved	"Landscape unlimited 2.5"" WHBK"	Embroidery		AW8 - WHBK	vrowinsky	003101
98	4	98.4	Approved	"Townsend 1C 3.75""w WHYW"	Screen Print/Heat Transfer		Q9Q - WHYW	vrowinsky	003101
106	2	106.2	Approved	"Arbor Metrics 4""w FC"	Screen Print/Heat Transfer		SUZ - FC	mmintz	003101
123	3	123.3	Approved	"NG Gilbert 3.01""w BKGD"	Embroidery		A8D - BKGD	vrowinsky	003101
158	2	158.2	Approved	"Wright Tree 2.24""w WH"	Embroidery		ABY - WH Right Chest above pocket	vrowinsky	003101
158	3	158.3	Approved	"Wright Tree 2.24""w BK"	Embroidery		ABY - BK	vrowinsky	003101
1585	3	1585.3	Approved	"SAT 5 Yr Award 4""w BKGN"	Embroidery		A9L - BKGN	mmintz	003101
1663	2	1663.2	Approved	Bartlett 1.95”w GN	Screen Print/Heat Transfer		T21 - GN	vrowinsky	003101
1691	1	1691.1	Approved	Aerial Solutions 4”w X 2.81”h	Screen Print/Heat Transfer		TAN	vrowinsky	039012
1691	2	1691.2	Approved	Aerial Solutions 4”w x WH	Screen Print/Heat Transfer		TAN - WH	vrowinsky	003101
1691	3	1691.3	Approved	Aerial Solutions 4”w BK	Screen Print/Heat Transfer		TAN - BK	vrowinsky	003101
1692	1	1692.1	Approved	Aerial Solutions 12”w x 8.44”h	Screen Print/Heat Transfer		TAP	vrowinsky	039012
1692	2	1692.2	Approved	Aerial Solutions 12”w WH	Screen Print/Heat Transfer		TAP - WH	vrowinsky	003101
1692	3	1692.3	Approved	Aerial Solutions 12”w BK	Screen Print/Heat Transfer		TAP - BK	vrowinsky	003101
1693	1	1693.1	Approved	Bartlett (vinyl) 1.95”w X 2.5”	Screen Print/Heat Transfer		GE5	vrowinsky	002120
1693	2	1693.2	Approved	Bartlett (vinyl) 1.95”w GN	Screen Print/Heat Transfer		GE5 - GN	vrowinsky	003101
225	2	225.2	Approved	Southern Line 3.5”w BK	Embroidery		BEV - BK	vrowinsky	003101
225	3	225.3	Approved	Southern Line 3.5”w GN	Embroidery		BEV - GN	vrowinsky	003101
228	2	228.2	Approved	"McAllister 3.5""w WH"	Embroidery		AD3 - WH	vrowinsky	003101
228	3	228.3	Approved	"McAllister 3.5""w BK"	Embroidery		AD3 - BK	vrowinsky	003101
264	2	264.2	Approved	Arizona Conservation 3.5 FC	Screen Print/Heat Transfer		S78 - FC	vrowinsky	003101
308	2	308.2	Approved	"NG Gilbert Safety 3.5""w BK"	Screen Print/Heat Transfer		RQ8 - BK	vrowinsky	003101
352	2	352.2	Approved	"Davey Wickes 3.5""w WH"	Screen Print/Heat Transfer		QAG - WH	vrowinsky	003101
392	2	392.2	Approved	"NG Gilbert Safety 3""w BKGDWH"	Embroidery		A8F - BKGDWH	vrowinsky	003101
392	3	392.3	Approved	"NG Gilbert Safety 3""w WHGD"	Embroidery		A8F - WHGD	vrowinsky	003101
425	2	425.2	Approved	Swarts Mowing  3.5”w BK	Embroidery		BMW - BK	vrowinsky	003101
425	3	425.3	Approved	Swarts Mowing  3.5”w WH	Embroidery		BMW - WH	vrowinsky	003101
491	2	491.2	Approved	Bartlett 1.17”w YW	Screen Print/Heat Transfer		RYP - YW	vrowinsky	003101
537	2	537.2	Approved	Arbor Metrics 7”w FC	Screen Print/Heat Transfer		STT - FC	mmintz	003101
71	3	71.3	Approved	"Asplundh 3.18""w OR"	Screen Print/Heat Transfer		G1J - OR	vrowinsky	003101
78	4	78.4	Approved	Arbor Metrics 4.02”w FC	Embroidery		BQG - HAT - FC	vrowinsky	003101
867	2	867.2	Approved	"SCA 1.6""w WH"	Screen Print/Heat Transfer		G5P - WH	vrowinsky	003101
88	3	88.3	Approved	"Nelson 3.02""w GNRDWH"	Embroidery		A88 - GNRDWH	vrowinsky	003101
98	2	98.2	Approved	"Townsend 1C 3.75""w WH"	Screen Print/Heat Transfer		Q9Q - WH	vrowinsky	003101
98	3	98.3	Approved	"Townsend 1C 3.75""w BK"	Screen Print/Heat Transfer		Q9Q - BK	vrowinsky	003101
115	2	115.2	Approved	"Monster 5""w WHGNOR"	Screen Print/Heat Transfer		S64 (G4D (Obsolete)) - WHGNOR	mmintz	003101
123	2	123.2	Approved	"NG Gilbert 3.01""w WHGD"	Embroidery		A8D - WHGD	vrowinsky	003101
133	2	133.2	Approved	Lucas 3.5”w BK	Screen Print/Heat Transfer		SYR - BK	mmintz	003101
1585	2	1585.2	Approved	"SAT 5 Yr Award 4""w KHGN"	Embroidery		A9L - KHGN	vrowinsky	003101
1635	3	1635.3	Approved	"SavATree 9""w NV"	Screen Print/Heat Transfer		R9N - NV	mmintz	003101
1637	3	1637.3	Approved	"SavATree 4.5""w WH"	Screen Print/Heat Transfer		Q8J - WH	vrowinsky	003101
1637	4	1637.4	Approved	"SavATree 4.5""w BL"	Screen Print/Heat Transfer		Q8J - BL	mmintz	003101
1687	2	1687.2	Approved	"NG Gilbert 3.75""w GDWH"	Screen Print/Heat Transfer		G4K - GDWH	vrowinsky	003101
1688	1	1688.1	Approved	"Monster Crew 12""w x 3.82""h"	Screen Print/Heat Transfer		Q6J	vrowinsky	002326
1688	2	1688.2	Approved	"Monster Crew 12""w WHGNBR"	Screen Print/Heat Transfer		Q6J - WHGNBR	vrowinsky	003101
1689	1	1689.1	Approved	"SavATree 4""w x 2.05""h"	Embroidery		A9K	mmintz	002398
1689	2	1689.2	Approved	"SavATree 4""w KHGN"	Embroidery		A9K - KHGN	mmintz	003101
1689	3	1689.3	Approved	"SavATree 4""w BKGN"	Embroidery		A9K - BKGN	vrowinsky	003101
1689	4	1689.4	Approved	"SavATree 4""w DKGN"	Embroidery		A9K - DKGN	mmintz	003101
1690	1	1690.1	Approved	"SavATree 13.5""w x 6.79""h"	Screen Print/Heat Transfer		Q8I	vrowinsky	002398
1690	2	1690.2	Approved	"SavATree 13.5""w WH"	Screen Print/Heat Transfer		Q8I - WH	vrowinsky	003101
1690	3	1690.3	Approved	"SavATree 13.5""w BL"	Screen Print/Heat Transfer		Q8I - BL	vrowinsky	003101
178	2	178.2	Approved	"NGG Gilbert 3.75""w WHYW"	Screen Print/Heat Transfer		Q6X - WHYW	vrowinsky	003101
190	2	190.2	Approved	"SavATree Hat 3.99""w KHGN"	Embroidery		A9P - KHGN	vrowinsky	003101
192	4	192.4	Approved	SavATree Care 4.50”w BL	Screen Print/Heat Transfer		RWJ - BL	mmintz	003101
194	2	194.2	Approved	"Monster 3.5""w WHGNOR"	Screen Print/Heat Transfer		(G4E Obsolete) S65 - WHGNOR	vrowinsky	003101
200	2	200.2	Approved	"Townsend SF 1C 3.75""w BK"	Screen Print/Heat Transfer		Q9V - BK	vrowinsky	003101
214	2	214.2	Approved	"Monster Brown 5""w WHGNBR"	Screen Print/Heat Transfer		G4B - WHGNBR	mmintz	003101
240	2	240.2	Approved	"Monster Brown 3.73""w WHGNBR"	Embroidery		A7U - WHGNBR	vrowinsky	003101
26	3	26.3	Approved	"Townsend SF 3.01""w BKGD"	Embroidery		AAU - BKGD	vrowinsky	002121
263	2	263.2	Approved	"Monster BR 2C 3.5""w WHGNBR"	Screen Print/Heat Transfer		G4C - WHGNBR	vrowinsky	003101
316	2	316.2	Approved	"Carroll Tree 4""w WH"	Embroidery		A3E - WH	vrowinsky	003101
402	4	402.4	Approved	Kendall Vegetation 4”w GN	Screen Print/Heat Transfer		SDT - GN	vrowinsky	003101
441	2	441.2	Approved	"SAT Arborscapes 4.6""w BK"	Screen Print/Heat Transfer		SAM - BK	mmintz	003101
451	2	451.2	Approved	"Monster Tree TEAM 12""w BRGN"	Screen Print/Heat Transfer		RSS - BRGN	mmintz	003101
67	2	67.2	Approved	"Asplundh 3.18""w BK"	Embroidery		A2L - BK	vrowinsky	003101
67	3	67.3	Approved	"Asplundh 3.18""w OR"	Embroidery		A2L - OR	vrowinsky	003101
68	3	68.3	Approved	SavATree 3.5”w BKGN	Embroidery		BGT - BKGN	vrowinsky	003101
69	3	69.3	Approved	"Townsend 3.01""w BKGD"	Embroidery		BKGD - AAL	mmintz	003101
70	3	70.3	Approved	"Xylem 3.5""w BKGNGN"	Embroidery		AC2 - BKGNGN	vrowinsky	003101
82	2	82.2	Approved	"Xylem Tree 4""w GNGNBK"	Screen Print/Heat Transfer		G74 - GNGNBK	mmintz	003101
82	3	82.3	Approved	"Xylem Tree 4""w GNGNWH"	Screen Print/Heat Transfer		G74 - GNGNWH	mmintz	003101
86	2	86.2	Approved	SavATree 4”w KHGN	Embroidery		B5H - KHGN	vrowinsky	003101
86	3	86.3	Approved	SavATree 4”w BKGN	Embroidery		B5H - BKGN	mmintz	003101
87	2	87.2	Approved	"Monster 3.73""w WHGNOR"	Embroidery		(A7Y Obsolete code) BA4 - WHGNOR	vrowinsky	003101
95	2	95.2	Approved	SavATree 3.5”w WHGN	Screen Print/Heat Transfer		SGG - WHGN	mmintz	003101
95	3	95.3	Approved	SavATree 3.5”w BKGN	Screen Print/Heat Transfer		SGG - BKGN	mmintz	003101
955	2	955.2	Approved	Swartz Pipeline 3.5”w BK	Screen Print/Heat Transfer		SQY - BK	mmintz	003101
145	2	145.2	Approved	"Bartlett FB 10""w WH"	Screen Print/Heat Transfer		Q2B	vrowinsky	003101
1686	1	1686.1	Approved	"SCA Alumni 9.5""w x 9.27""h"	Screen Print/Heat Transfer		QWL	vrowinsky	034240
1686	2	1686.2	Approved	"SCA Alumni 9.5""w WH"	Screen Print/Heat Transfer		QWL - WH	vrowinsky	003101
1687	1	1687.1	Approved	"NG Gilbert 3.75""w x 2""h"	Screen Print/Heat Transfer		G4K	vrowinsky	002121
186	2	186.2	Approved	"Townsend Arborcare 4""w BKGN"	Embroidery		ANK - BKGN	vrowinsky	003101
25	2	25.2	Approved	"Townsend SF 3.75""w WHGD"	Screen Print/Heat Transfer		Q9W Townsend Safety First - WHGD	vrowinsky	003101
26	2	26.2	Approved	"Townsend SF 3.01""w WHGD"	Embroidery		AAU Townsend SF - WHGD	vrowinsky	003101
271	2	271.2	Approved	"Integrity Tree 3.5""w WHGN"	Embroidery		AVR - WHGN Hat	vrowinsky	003101
337	2	337.2	Approved	"Bartlett Shield 1.77""w YW"	Embroidery		A2U	vrowinsky	003101
558	2	558.2	Approved	"Integrity Tree 8""w BK"	Screen Print/Heat Transfer		RHX - HVSA - BK	vrowinsky	003101
69	2	69.2	Approved	"Townsend 3.01""w WHGD"	Embroidery		AAL - WHGD	vrowinsky	003101
79	2	79.2	Approved	"Bartlett 4""w GN"	Screen Print/Heat Transfer		Q2A - GN	vrowinsky	003101
79	3	79.3	Approved	"Bartlett 4""w WH"	Screen Print/Heat Transfer		Q2A	vrowinsky	003101
850	2	850.2	Approved	"Forest Preserves 3.5""w WH"	Screen Print/Heat Transfer		SHA - WH	vrowinsky	003101
100	3	100.3	Approved	"CVA Stewards 2.26""w WH"	Embroidery		AIS - WH	vrowinsky	003101
101	4	101.4	Approved	"CVA Americorps 3.5"" WH"	Embroidery		AIT - WH	vrowinsky	003101
146	2	146.2	Approved	"SIP NPS 2.5""w BRGNBL"	Embroidery		AIU - BRGNBL	vrowinsky	003101
1678	1	1678.1	Approved	"Flex Tech 3""w x 1.6""h"	Screen Print/Heat Transfer		G3C	mmintz	000949
1679	1	1679.1	Approved	"Precision Pro Cut 2.76""w x 1.6"	Embroidery		A6K	mmintz	000949
1680	1	1680.1	Approved	"Precision 2.76""w x 1.39""h"	Embroidery		A8W	mmintz	000949
1681	1	1681.1	Approved	"Ironwood 2""w x 1""h"	Embroidery		B7B	mmintz	014905
1682	1	1682.1	Approved	"Terry Tree 2""w X 1.9""h"	Embroidery		ASW	mmintz	014905
1683	1	1683.1	Approved	Lucas 3.5”w x 1.05”h	Embroidery		BTV	mmintz	001140
1684	1	1684.1	Approved	Byrider 4”w x 1.18”h	Screen Print/Heat Transfer		THR	mmintz	000995
1685	1	1685.1	Approved	"Maverick 1C 3.71""w x 1.98""h"	Embroidery		BD4	mmintz	001180
182	3	182.3	Approved	"Rainbow TreeCare 4""w WH"	Screen Print/Heat Transfer		QB6 - WH	vrowinsky	003101
33	3	33.3	Approved	"Davey RG 3.51""w BK"	Embroidery		AFC - BK	vrowinsky	003101
33	4	33.4	Approved	"Davey RG 3.51""w BKGN"	Embroidery		AFC - BKGN	vrowinsky	002388
450	3	450.3	Approved	"Integrity Tree 11""w WH"	Screen Print/Heat Transfer		RJ9 - WH	vrowinsky	003101
1663	1	1663.1	Approved	Bartlett 1.95”w X 2.5”h	Screen Print/Heat Transfer		T21	vrowinsky	002120
1664	1	1664.1	Approved	"Bartlett Shield 1.77""w x 2.27"""	Screen Print/Heat Transfer		Q2D	vrowinsky	002120
1665	1	1665.1	Approved	"Rancho Tree 3.5""w x 3.27""h"	Screen Print/Heat Transfer		S9X	vrowinsky	019999
1666	1	1666.1	Approved	"Brightview 3"" x 1.2"""	Screen Print/Heat Transfer		G1P	vrowinsky	000332
1667	1	1667.1	Approved	Gatehouse 4”w X 0.64”h	Embroidery		BZ9 - HAT	vrowinsky	002412
1668	1	1668.1	Approved	"Brookes & Hend 2.5""w X 1.83""h"	Embroidery		AU5 - HAT	mmintz	002412
1669	1	1669.1	Approved	Gatehouse 4”w X 0.59”h	Screen Print/Heat Transfer		TCK	mmintz	002412
1670	1	1670.1	Approved	"CLE Metroparks Zoo 3.5""w x 2.5"	Screen Print/Heat Transfer		S8S	mmintz	000461
1671	1	1671.1	Approved	"Scientists in Parks 4""w x .36"""	Embroidery		AMW	mmintz	002397
1672	1	1672.1	Approved	Davey 2”w X 0.62”h	Screen Print/Heat Transfer		SVM - Small Garments	mmintz	002387
1673	1	1673.1	Approved	"Decco 8""w x 7.23""h"	Screen Print/Heat Transfer		QFQ	mmintz	002429
1675	1	1675.1	Approved	"Arborwear 2C 2.25""w x 0.75""h"	Screen Print/Heat Transfer		GBS	mmintz	003101
1676	1	1676.1	Approved	"Precision 2.75""w x 1.4""h"	Screen Print/Heat Transfer		G3F	mmintz	000949
1677	1	1677.1	Approved	"Precision Pro Cut 2.75""w x 1.6"	Screen Print/Heat Transfer		G3G	mmintz	000949
32	3	32.3	Approved	"Davey RG 3.5""w WH"	Screen Print/Heat Transfer		QEM - WH	vrowinsky	003101
33	2	33.2	Approved	"Davey RG 3.51""w WH"	Embroidery		AFC - WH	vrowinsky	003101
1659	1	1659.1	Approved	Arbor Works 1.97”w X 2”h	Screen Print/Heat Transfer		SPY	vrowinsky	000011
1661	1	1661.1	Approved	"Aspen Tree Circle 12""w x 11.8"""	Screen Print/Heat Transfer		Q26	vrowinsky	002160
1662	1	1662.1	Approved	"Asplundh Cons 3.5""w x 1.18""h"	Screen Print/Heat Transfer		R14	vrowinsky	002129
1642	1	1642.1	Approved	"ACRT Training 3.52”w X 0.94""h"	Embroidery		BVM	mmintz	000011
1643	1	1643.1	Approved	"Bermex Stacked 2.5""w x 2.2""h"	Screen Print/Heat Transfer		RDW	mmintz	000011
1644	1	1644.1	Approved	"ACRT Pacific 1.58""w x 2.25""h"	Screen Print/Heat Transfer		RDU	mmintz	000011
1646	1	1646.1	Approved	"Bermex Icon 2""w x 1.78""h"	Embroidery		A31	mmintz	000011
1647	1	1647.1	Approved	"ACRT Pacific 1.76""w x 2.52""h"	Embroidery		A1B	mmintz	000011
1648	1	1648.1	Approved	"ACRT Services 3.5""w x 1.12""h"	Embroidery		A1C	mmintz	000011
1649	1	1649.1	Approved	"ACRT Services Icon 2""w x 1.78"""	Embroidery		A1D	mmintz	000011
1650	1	1650.1	Approved	"ACRT Pacific 3.5""w x 1.11""h"	Embroidery		A19	mmintz	000011
1651	1	1651.1	Approved	"Bermex Stacked 2.5""w x 2.2""h"	Embroidery		A32	mmintz	000011
1652	1	1652.1	Approved	"Bermex Horiz 3.75""w  x .9""h"	Embroidery		A2Z	mmintz	000011
1653	1	1653.1	Approved	Arbor Works Icon 2”w X 2”h	Embroidery		BMM - HAT	mmintz	006060
1654	1	1654.1	Approved	Arbor Works 2.53”w x 1.06”h	Embroidery		BQ7 - Hat Side	mmintz	006060
1655	1	1655.1	Approved	Arbor Works 2C 11”w X 9.85”h	Screen Print/Heat Transfer		SVN	mmintz	006060
1656	1	1656.1	Approved	Arbor Works 1C 11”w X 9.85”h	Screen Print/Heat Transfer		SVV	mmintz	006060
1657	1	1657.1	Approved	Arbor Vista 2C 7.3”w X 11”h	Screen Print/Heat Transfer		SXZ	mmintz	006060
1658	1	1658.1	Approved	Arbor Vista 1C 7.3”w X 11”h	Screen Print/Heat Transfer		SY1	mmintz	006060
66	4	66.4	Approved	"Bartlett 4.06""w GNKH"	Embroidery		A2S - GNKH	vrowinsky	003101
112	2	112.2	Approved	"Bartlett Shield 1C 3""w GN"	Screen Print/Heat Transfer		Q2C - GN	vrowinsky	003101
141	2	141.2	Approved	"Bartlett 7""w GN"	Screen Print/Heat Transfer		QQH - GN	vrowinsky	003101
148	2	148.2	Approved	"Hartney Greymont 3.5""w WH"	Screen Print/Heat Transfer		Q55 - WH	mmintz	003101
148	3	148.3	Approved	"Hartney Greymont 3.5""w BK"	Screen Print/Heat Transfer		Q55 - BK	mmintz	003101
152	2	152.2	Approved	"Hartney Greymont 3.5""w WHBK"	Embroidery		AFH - WHBK	vrowinsky	003101
1604	2	1604.2	Approved	TTAP 10”w X 10”h	Screen Print/Heat Transfer		TKB - WHTLBK	vrowinsky	003101
1640	1	1640.1	Approved	"Davey Ass. Branch Mngr 9” x 3"""	Screen Print/Heat Transfer		TEG	mmintz	002388
1640	2	1640.2	Approved	Davey Ass. Branch Mngr 9” BKWH	Screen Print/Heat Transfer		TEG - BKWH	mmintz	003101
1641	1	1641.1	Approved	"Davey Uti 100 Yr 3.25""w x 3.25"	Screen Print/Heat Transfer		QX3	mmintz	002388
1641	2	1641.2	Approved	"Davey Uti 100 Yr 3.25""w BK"	Screen Print/Heat Transfer		QX3 - BK	mmintz	003101
175	2	175.2	Approved	"AmeriCorps 3.5""w x BK"	Embroidery		AN8 - BK	vrowinsky	003101
175	3	175.3	Approved	"AmeriCorps 3.5""w WH"	Embroidery		AN8 - WH	mmintz	003101
203	3	203.3	Approved	"Arborguard 3.5""w BK"	Screen Print/Heat Transfer		Q1C - BK	vrowinsky	003101
205	2	205.2	Approved	"Chippers 3.5""w WH"	Embroidery		APX - WH	mmintz	003101
210	2	210.2	Approved	"Chippers - Davey 3.5""w BK"	Screen Print/Heat Transfer		QPJ	mmintz	003101
211	2	211.2	Approved	"SCA Conservation 9.5""w WH"	Screen Print/Heat Transfer		Q8R - WH	vrowinsky	003101
212	2	212.2	Approved	"THESCA.org 6""w WH"	Screen Print/Heat Transfer		Q8L - WH	vrowinsky	003101
235	2	235.2	Approved	"AmeriCorps 3""w WH"	Screen Print/Heat Transfer		QV5 - WH	mmintz	003101
253	2	253.2	Approved	Feeling Chipper 10”w GN	Screen Print/Heat Transfer		SXC - GN	mmintz	003101
253	3	253.3	Approved	Feeling Chipper 10”w BR	Screen Print/Heat Transfer		SXC - BR	mmintz	003101
262	2	262.2	Approved	"Arborguard 3.5""w BKGN"	Embroidery		AFE - BKGN	mmintz	003101
262	3	262.3	Approved	"Arborguard 3.5""w WHBK"	Embroidery		AFE - WHBK	mmintz	003101
279	2	279.2	Approved	Davey Lewis 3.5”w BK	Screen Print/Heat Transfer		SMF - BK	mmintz	003101
281	2	281.2	Approved	Arbor Tree 3.5”w BK	Screen Print/Heat Transfer		S3R - BK	mmintz	003101
302	2	302.2	Approved	Davey Lewis 3.49”w X WH	Embroidery		BLR - WH	vrowinsky	003101
46	2	46.2	Approved	"Lusk Davey 2.8""w BK"	Screen Print/Heat Transfer		RV9 - BK	mmintz	003101
55	2	55.2	Approved	Davey STAR 3”w BK	Screen Print/Heat Transfer		SEL - BK	mmintz	003101
55	3	55.3	Approved	Davey STAR  3”w WH	Screen Print/Heat Transfer		SEL - WH	vrowinsky	003101
57	3	57.3	Approved	"Davey STAR 10""w BK"	Screen Print/Heat Transfer		SF4 - BK	vrowinsky	003101
75	2	75.2	Approved	"SCA 1.99""w x BLGN"	Embroidery		A9U - BLGN	vrowinsky	003101
75	3	75.3	Approved	"SCA 1.99""w WH"	Embroidery		A9U - WH	mmintz	003101
81	2	81.2	Approved	"SCA 1.83""w WH"	Screen Print/Heat Transfer		Q8M - WH	mmintz	003101
108	2	108.2	Approved	"Nelson HVSA 7""w GNRD"	Screen Print/Heat Transfer		RMS - GNRD	mmintz	003101
1083	2	1083.2	Approved	"Arbor Metrics 4""w WHBK"	Hat Press Heat Press		GE8 - WHBK - EMB PATCH	vrowinsky	003101
151	2	151.2	Approved	"Asplundh 6""w BK"	Screen Print/Heat Transfer		G1I - BK	vrowinsky	003101
164	2	164.2	Approved	"Nelson 3""w GNRDRD"	Screen Print/Heat Transfer		G4I - GNRDRD	vrowinsky	003101
179	2	179.2	Approved	Wright HVSA 7”w BK	Screen Print/Heat Transfer		SL8 - BK	mmintz	003101
184	2	184.2	Approved	"Monarch Tree 3.51""w GNORLM"	Embroidery		AII - GNORLM	vrowinsky	003101
184	3	184.3	Approved	"Monarch Tree 3.51""w WHORLM"	Embroidery		AII - WHORLM	vrowinsky	003101
203	2	203.2	Approved	"Arborguard 3.5""w WH"	Screen Print/Heat Transfer		Q1C - WH	vrowinsky	003101
231	2	231.2	Approved	"Lewis Hat 3.5""w RDWH"	Embroidery		BCU - RDWH	vrowinsky	003101
344	2	344.2	Approved	Lewis 7”w WHRD	Screen Print/Heat Transfer		SE8 - WHRD	mmintz	003101
381	2	381.2	Approved	"Monarch Tree 1C 4""w BK"	Screen Print/Heat Transfer		Q6I	mmintz	003101
384	2	384.2	Approved	"Monarch Tree 7""w BK"	Screen Print/Heat Transfer		QSZ	mmintz	003101
429	2	429.2	Approved	"Growth Solutions 1.65"" WH"	Embroidery		AF6 - HAT - WH	mmintz	003101
47	2	47.2	Approved	Lusk Davey 2.84”w WH	Embroidery		B42 - WH	mmintz	003101
517	2	517.2	Approved	"Nelson 2C 12""w GNRD"	Screen Print/Heat Transfer		Q6P - HVSA - GNRD	mmintz	003101
517	3	517.3	Approved	Nelson 2C WHRD	Screen Print/Heat Transfer		Q6P - WHRD - HVSA	vrowinsky	003101
534	2	534.2	Approved	Arbor Metrics 1C 7”w BL	Screen Print/Heat Transfer		T58 - BL	mmintz	003101
56	2	56.2	Approved	Davey STAR 3.01”w WH	Embroidery		BGD - WH	mmintz	003101
56	3	56.3	Approved	Davey STAR 3.01”w BK	Embroidery		BGD - BK	vrowinsky	003101
57	2	57.2	Approved	"Davey STAR 10""w WH"	Screen Print/Heat Transfer		SF4 - WH	vrowinsky	003101
571	2	571.2	Approved	"Nelson 9.25""w GNRD"	Screen Print/Heat Transfer		Q6Q - HVSA - GNRD	mmintz	003101
60	2	60.2	Approved	Davey Star Res 10”w WH	Screen Print/Heat Transfer		SLI - WH	vrowinsky	003101
71	2	71.2	Approved	"Asplundh 3.18""w BK"	Screen Print/Heat Transfer		G1J - BK	vrowinsky	003101
72	2	72.2	Approved	"Lewis 2.5""w RDWH"	Screen Print/Heat Transfer		RPC - RDWH	mmintz	003101
76	2	76.2	Approved	"Lewis 2.5""w RDWH"	Embroidery		AZT - RDWH	vrowinsky	003101
78	2	78.2	Approved	Arbor Metrics 4.02”w BL	Embroidery		BQG - HAT - BL	mmintz	003101
78	3	78.3	Approved	Arbor Metrics 4.02”w WH	Embroidery		BQG - WH- HAT	vrowinsky	003101
88	2	88.2	Approved	"Nelson 3.02""w GNRDRD"	Embroidery		A88 - GNRDRD	mmintz	003101
100	2	100.2	Approved	"CVA Stewards 2.26""w BK"	Embroidery		AIS - BK	vrowinsky	003101
101	2	101.2	Approved	"CVA Americorps 3.5""w BK"	Embroidery		AIT - BK	vrowinsky	003101
101	3	101.3	Approved	"CVA Americorps 3.5"" BKWH"	Embroidery		AIT - BKWH	mmintz	003101
111	2	111.2	Approved	SavATree HAT  4”w WHGN	Embroidery		BHK - WHGN	vrowinsky	003101
116	2	116.2	Approved	"Stewards Circle 3""w Multi"	Screen Print/Heat Transfer		Q9B - Multi	ncarroll	003101
117	2	117.2	Approved	"Stewards Horiz 9.5""w Multi"	Screen Print/Heat Transfer		Q9C - Multi	ncarroll	003101
1286	2	1286.2	Approved	"Savatree Sleeve 1.63""w GN"	Screen Print/Heat Transfer		R9K - GN	mmintz	002398
129	2	129.2	Approved	"Mainscape 4.01""w BK"	Screen Print/Heat Transfer		Q62	mmintz	001156
135	2	135.2	Approved	"SIP NPS 1.8""w BRGNBL"	Embroidery		AIV HAT - BRGNBL	vrowinsky	003101
153	2	153.2	Approved	"SCA Hats 1.33""w BLGN"	Embroidery		A9V - BLGN	mmintz	034240
1586	2	1586.2	Approved	"SavATree 2.49""w WHGN"	Embroidery		AK9 - WHGN	mmintz	002398
1586	3	1586.3	Approved	"SavATree 2.49""w OR"	Embroidery		AK9 - OR	mmintz	002398
1635	1	1635.1	Approved	"SavATree 9""w x 4.53""h"	Screen Print/Heat Transfer		R9N	mmintz	002398
1635	2	1635.2	Approved	"SavATree 9""w GN"	Screen Print/Heat Transfer		R9N - GN	mmintz	002398
1636	1	1636.1	Approved	SAT - We Care 13.5”w X 6.69”h	Screen Print/Heat Transfer		RWK	vrowinsky	002398
1636	2	1636.2	Approved	SAT - We Care 13.5”w WH	Screen Print/Heat Transfer		RWK - WH	vrowinsky	003101
1636	3	1636.3	Approved	SAT - We Care 13.5”w BL	Screen Print/Heat Transfer		RWK - BL	vrowinsky	003101
1637	1	1637.1	Approved	"SavATree 4.5""w x 2.26""h"	Screen Print/Heat Transfer		Q8J	mmintz	002398
1637	2	1637.2	Approved	"SavATree 4.5""w OR"	Screen Print/Heat Transfer		Q8J - OR (SO)	mmintz	002398
1638	1	1638.1	Approved	"SavATree W's 10.5”w X 5.19""h"	Screen Print/Heat Transfer		RX7 - We Care	vrowinsky	002398
1638	2	1638.2	Approved	SavATree W's 10.5”w BL	Screen Print/Heat Transfer		RX7 - We Care - BL	vrowinsky	003101
1639	1	1639.1	Approved	"SavATree 10.5""w x 5.28""h"	Screen Print/Heat Transfer		RC4	mmintz	002398
1639	2	1639.2	Approved	"SavATree 10.5""w NV"	Screen Print/Heat Transfer		RC4 - NV	mmintz	002398
165	2	165.2	Approved	"Bartlett Shield 1.77""w WHBK"	Embroidery		AYF - WHBK	mmintz	002120
182	2	182.2	Approved	"Rainbow TreeCare 4""w BK"	Screen Print/Heat Transfer		QB6 - BK	vrowinsky	003101
192	2	192.2	Approved	SavATree Care 4.50”w WH	Screen Print/Heat Transfer		RWJ - WH	vrowinsky	003101
192	3	192.3	Approved	SavATree Care 4.50”w SO (OR)	Screen Print/Heat Transfer		RWJ - SO (OR)	vrowinsky	003101
193	2	193.2	Approved	"Americorps 2.5""w BK"	Screen Print/Heat Transfer		QLG - BK	vrowinsky	003101
193	3	193.3	Approved	"Americorps 2.5""w WH"	Screen Print/Heat Transfer		QLG - WH	mmintz	003101
216	2	216.2	Approved	"Davey RG 2.5""w BK"	Embroidery		AKH - BK	vrowinsky	003101
22	2	22.2	Approved	Davey 3.51 BK	Embroidery		AFB - BK	vrowinsky	003101
22	3	22.3	Approved	Davey 3.51 WH	Embroidery		AFB - WH	vrowinsky	003101
22	4	22.4	Approved	Davey 3.51 BKGN	Embroidery		AFB - BKGN	vrowinsky	003101
23	2	23.2	Approved	"Davey 3.5""w WH"	Screen Print/Heat Transfer		Q3Q	mmintz	002388
23	3	23.3	Approved	"Davey 3.5""w BK"	Screen Print/Heat Transfer		Q3Q	mmintz	002388
251	2	251.2	Approved	"Scientists in Parks 12"" BKWH"	Screen Print/Heat Transfer		QR7 - BKWH	vrowinsky	003101
252	2	252.2	Approved	Scientists in Parks 3.5 BRGNTL	Screen Print/Heat Transfer		QQI - BRGNTL	vrowinsky	003101
256	2	256.2	Approved	"Rainbow Treecare 13""w BK"	Screen Print/Heat Transfer		Q7Y	vrowinsky	003101
265	2	265.2	Approved	Arz Conservation 3”w BKOR	Embroidery		B86 - BKOR	mmintz	003101
29	2	29.2	Approved	"Davey 4""w BK"	Screen Print/Heat Transfer		Q3R - BK	mmintz	002388
296	2	296.2	Approved	SavATree  4”w BL	Screen Print/Heat Transfer		RXY - Pocket Logo - BL	vrowinsky	003101
297	2	297.2	Approved	SavATree 8.5”w BL	Screen Print/Heat Transfer		RY1 - BL	ncarroll	003101
32	2	32.2	Approved	"Davey RG 3.5""w BK"	Screen Print/Heat Transfer		QEM - BK	vrowinsky	003101
34	2	34.2	Approved	"Davey Commercial 2.5""w BK"	Embroidery		A4E - BK	mmintz	002388
364	2	364.2	Approved	"SavATree 3.01""w WHRD"	Embroidery		A9R - WHRD - Hat Back Straight	vrowinsky	003101
375	2	375.2	Approved	SavATree 7.5”w BL	Screen Print/Heat Transfer		RXZ - Vest FB S & M - BL	vrowinsky	003101
416	2	416.2	Approved	"Mainscape 12""w BK"	Screen Print/Heat Transfer		Q63 - BK	mmintz	001156
417	2	417.2	Approved	"Mainscape - Flag 3""w BK"	Screen Print/Heat Transfer		Q65 - BK	mmintz	001156
450	2	450.2	Approved	"Integrity Tree 11""w BK"	Screen Print/Heat Transfer		RJ9 - BK	ncarroll	003101
496	2	496.2	Approved	"Davey Bag Logo 5.25""w WH"	Screen Print/Heat Transfer		RFN - WH	mmintz	002388
542	2	542.2	Approved	SavATree 10.5”w X BL	Screen Print/Heat Transfer		SGL-BL	ncarroll	003101
66	2	66.2	Approved	"Bartlett 4.06""w WHGN"	Embroidery		A2S - WHGN	mmintz	002385
66	3	66.3	Approved	"Bartlett 4.06""w WHGNGN"	Embroidery		A2S - WHGNGN	mmintz	002385
68	2	68.2	Approved	SavATree 3.5”w WHGN	Embroidery		BGT - WHGN	vrowinsky	003101
96	2	96.2	Approved	SavATree 4.5”w WH	Screen Print/Heat Transfer		SGI - WH	mmintz	002398
96	3	96.3	Approved	SavATree 4.5”w SO	Screen Print/Heat Transfer		SGI - SO	mmintz	002398
96	4	96.4	Approved	SavATree 4.5”w X BL	Screen Print/Heat Transfer		SGI-BL	ncarroll	003101
97	2	97.2	Approved	SavATree 13.5”w WH	Screen Print/Heat Transfer		SGK - WH	mmintz	002398
97	3	97.3	Approved	SavATree 13.5”w BL	Screen Print/Heat Transfer		SGK - BL	mmintz	002398
99	2	99.2	Approved	CVA National Park 3.25 WHGNBR	Embroidery		AIR - WHGNBR	vrowinsky	003101
109	4	109.4	Approved	"Stanley Tree 2.9""w WHBKGY"	Screen Print/Heat Transfer		Q97	vrowinsky	003101
110	4	110.4	Approved	"Stanley Tree 9""w RDGYBK"	Screen Print/Heat Transfer		G5V - RDGYBK	vrowinsky	003101
128	2	128.2	Approved	"Pennline ® 1C 4""w BK"	Screen Print/Heat Transfer		RRH - BK	ncarroll	003101
166	2	166.2	Approved	"Independence Demo 2.77"" Multi"	Embroidery		A6F - Multi	ncarroll	003101
169	2	169.2	Approved	"Pennline ® 2C 4""w WHRD"	Screen Print/Heat Transfer		RRI - WHRD	vrowinsky	003101
181	2	181.2	Approved	"Independence Demo 2.75"" Multi"	Screen Print/Heat Transfer		G39 - Multi	ncarroll	003101
208	2	208.2	Approved	"Mobilize Green 10""w WH"	Screen Print/Heat Transfer		QTX - WH	vrowinsky	003101
209	2	209.2	Approved	Mobilize Green 11”w WH	Screen Print/Heat Transfer		S2M - WH	vrowinsky	003101
220	2	220.2	Approved	"Monster 12""w BRGN"	Screen Print/Heat Transfer		Q6K - BRGN	ncarroll	003101
221	2	221.2	Approved	"Monster 3C 11""w WHGNBR"	Screen Print/Heat Transfer		RHT	ncarroll	003101
244	2	244.2	Approved	"Xylem 12""w BK"	Screen Print/Heat Transfer		QAP - BK	vrowinsky	003101
257	2	257.2	Approved	Mobilize Green 7.4”w WH	Screen Print/Heat Transfer		SF3 - WH	vrowinsky	003101
267	2	267.2	Approved	Xylem Kendall 8”w BK	Screen Print/Heat Transfer		SFD - Chaps - BK	vrowinsky	003101
283	2	283.2	Approved	"Xylem 8.75""w BK"	Screen Print/Heat Transfer		QAT - Vest - BK	vrowinsky	003101
284	2	284.2	Approved	"Xylem Hop 3""w BK"	Screen Print/Heat Transfer		RFC - BK	vrowinsky	003101
291	2	291.2	Approved	"Kendall Vest 5.75""w BK"	Screen Print/Heat Transfer		SFB - BK *Use on M & L Vests*	vrowinsky	003101
325	2	325.2	Approved	"Xylem 5.75""w BK"	Screen Print/Heat Transfer		QAS - BK	ncarroll	003101
366	2	366.2	Approved	"Kendall Vest 8.75""w FB"	Screen Print/Heat Transfer		SFC - BK	ncarroll	003101
376	2	376.2	Approved	"Pennline ® 7""w BK"	Screen Print/Heat Transfer		RRK	vrowinsky	003101
403	2	403.2	Approved	"Kendall 12""w BK"	Screen Print/Heat Transfer		SF8 - BK	vrowinsky	003101
546	2	546.2	Approved	"Kendall HOP 3""w BK"	Screen Print/Heat Transfer		SF9 - BK	vrowinsky	003101
83	4	83.4	Approved	"Stanley Tree 2.9""w RDWH"	Embroidery		AA5 - RDWH	vrowinsky	003101
84	2	84.2	Approved	"PennLine 3.01""w WH"	Embroidery		A8U - WH	vrowinsky	003101
84	3	84.3	Approved	"PennLine 3.01""w BK"	Embroidery		A8U - BK	vrowinsky	003101
84	4	84.4	Approved	"PennLine 3.01""w RDWH"	Embroidery		A8U - RDWH	vrowinsky	003101
85	2	85.2	Approved	"Independence Ex 2.75""w Multi"	Embroidery		A6G - Multi	vrowinsky	003101
89	2	89.2	Approved	"Independence Ex 2.6""w Multi"	Screen Print/Heat Transfer		G3B - Multi	vrowinsky	003101
91	2	91.2	Approved	"Independence Con 4.01""w RDWH"	Embroidery		A6E - RDWH	vrowinsky	003101
92	2	92.2	Approved	"Mobilize Green 4""w x BRGN"	Embroidery		A7T - BRGN	ncarroll	003101
92	3	92.3	Approved	"Mobilize Green 4""w WH"	Embroidery		A7T - WH	ncarroll	003101
93	2	93.2	Approved	"Xylem Tree 1C 4""w BK"	Screen Print/Heat Transfer		QAQ	vrowinsky	003101
109	2	109.2	Approved	"Stanley Tree 2.9""w RDGYBK"	Screen Print/Heat Transfer		Q97	vrowinsky	003101
109	3	109.3	Approved	"Stanley Tree 2.9""w RDGYWH"	Screen Print/Heat Transfer		Q97	mmintz	002171
1090	2	1090.2	Approved	"Treesmiths 4C 3.75""w WHGNBR"	Screen Print/Heat Transfer		R73	mmintz	020619
1092	2	1092.2	Approved	"Hartford Truck 3.5""w WH"	Screen Print/Heat Transfer		RFD - WH	mmintz	000563
110	2	110.2	Approved	"Stanley Tree 9""w WHBKGY"	Screen Print/Heat Transfer		G5V - WHBKGY	vrowinsky	003101
110	3	110.3	Approved	"Stanley Tree 9""w RDGYWH"	Screen Print/Heat Transfer		G5V - RDGYWH	mmintz	002171
119	2	119.2	Approved	"Progressive 3.51""w WH"	Embroidery		A8Y - WH	vrowinsky	003101
124	2	124.2	Approved	"DECCO 2.01""w BK"	Screen Print/Heat Transfer		QFJ	mmintz	002429
124	3	124.3	Approved	"DECCO 2.01""w WH"	Screen Print/Heat Transfer		QFJ	mmintz	002429
131	2	131.2	Approved	"Brookes & Hend 2.5""w NV"	Embroidery		ATR - NV	vrowinsky	003101
136	2	136.2	Approved	"Lake Metroparks 2.5""w WH"	Screen Print/Heat Transfer		G3W - WH	vrowinsky	003101
140	2	140.2	Approved	"Lake Metro 2.51""w KH"	Embroidery		A7A - KH	mmintz	002393
140	3	140.3	Approved	"Lake Metro 2.51""w WH"	Embroidery		A7A - WH	mmintz	002393
143	2	143.2	Approved	"Western Reserve 3.01""w WHYW"	Embroidery		ABL - WHYW	vrowinsky	003101
1580	2	1580.2	Approved	Kendall Vegetation 3.75” WH	Embroidery		BGA - WH	vrowinsky	003101
1628	1	1628.1	Approved	"Kent Forestry 3.51""w x 2.97""h"	Embroidery		A75	mmintz	001051
1629	1	1629.1	Approved	"Hartford HTE 4.17""w x 14""h"	Screen Print/Heat Transfer		S8X	mmintz	000563
1629	2	1629.2	Approved	"Hartford HTE 4.17""w BKYW"	Screen Print/Heat Transfer		S8X - BKYW	mmintz	000563
1630	1	1630.1	Approved	"Cleveland Metro 2.54""w x 2.34"""	Embroidery		A3T	vrowinsky	000461
1630	2	1630.2	Approved	"Cleveland Metro 2.54""w WH"	Embroidery		A3T - WH	vrowinsky	003101
1630	3	1630.3	Approved	"Cleveland Metro 2.54""w BK"	Embroidery		A3T - BK	mmintz	000461
1631	1	1631.1	Approved	"Outdoor Pride 12""w x 6.18""h"	Screen Print/Heat Transfer		Q78	mmintz	001393
1631	2	1631.2	Approved	"Outdoor Pride 12""w BKBLGN"	Screen Print/Heat Transfer		Q78 - BKBLGN	mmintz	001393
1632	1	1632.1	Approved	"Outdoor Pride 4.5""w x 2.3""h"	Screen Print/Heat Transfer		Q79	mmintz	001393
1632	2	1632.2	Approved	"Outdoor Pride 4.5""w WHBLGN"	Screen Print/Heat Transfer		Q79 - WHBLGN	mmintz	001393
1633	1	1633.1	Approved	"Outdoor Pride Flag 3""w x 1.58"	Screen Print/Heat Transfer		Q7A	mmintz	001393
1633	2	1633.2	Approved	"Outdoor Pride Flag 3""w RDWHBL"	Screen Print/Heat Transfer		Q7A - RDWHBL	mmintz	001393
1634	1	1634.1	Approved	"Cleveland Metro 2.5""w x 2.42"""	Screen Print/Heat Transfer		G1W	vrowinsky	000461
1634	2	1634.2	Approved	"Cleveland Metro 2.5""w BK"	Screen Print/Heat Transfer		G1W - BK	vrowinsky	003101
191	2	191.2	Approved	"Phillips 8""w BK"	Screen Print/Heat Transfer		T5M - BK	vrowinsky	003101
246	2	246.2	Approved	"Cumberland Valley 4""w WHGN"	Screen Print/Heat Transfer		G25 - WHGN	vrowinsky	003101
278	2	278.2	Approved	"Kendall Veg. 3.75""w WH"	Embroidery		A74 - WH BGA	mmintz	040037
287	2	287.2	Approved	Phillips & Jordan 4.02”w BKYW	Embroidery		BUR - BKYW	mmintz	001448
290	2	290.2	Approved	"Phillips & Jordan 9""w BKYW"	Screen Print/Heat Transfer		T2Y - HVSA - BKYW	mmintz	001448
292	2	292.2	Approved	"Phillips & Jordan 3""w BKYW"	Screen Print/Heat Transfer		T2X - BKYW	vrowinsky	003101
305	2	305.2	Approved	Ironwood 7”w RDYWBK	Screen Print/Heat Transfer		RXS - HVSA - RDYWBK	mmintz	014905
307	2	307.2	Approved	"Treesmiths 7""w X GNBK"	Screen Print/Heat Transfer		RPL - GNBK	vrowinsky	003101
331	2	331.2	Approved	"Greenwise Organic 4""w BRGN"	Embroidery		B46 - BRGN	mmintz	000832
341	2	341.2	Approved	"Phillips 4""w WHYWBK"	Screen Print/Heat Transfer		T5K - WHYWBK	vrowinsky	003101
342	2	342.2	Approved	"Phillips 11""w WHYWBK"	Screen Print/Heat Transfer		T5L - WHYWBK	vrowinsky	003101
347	2	347.2	Approved	"Pennline ®  8""w BK"	Screen Print/Heat Transfer		RQZ - BK	vrowinsky	003101
349	2	349.2	Approved	"A Cut Above 7""w BKGN"	Screen Print/Heat Transfer		BKGN	mmintz	020619
386	2	386.2	Approved	Moorhead 3.75”w BLGY	Embroidery		BFY - BLGY	vrowinsky	003101
402	2	402.2	Approved	Kendall Vegetation 4”w WH	Screen Print/Heat Transfer		SDT - WH	vrowinsky	003101
402	3	402.3	Approved	Kendall Vegetation 4”w BK	Screen Print/Heat Transfer		SDT - BK	vrowinsky	003101
419	2	419.2	Approved	"Carroll Tree Service 4""w WH"	Screen Print/Heat Transfer		Q2X - WH	vrowinsky	003101
420	2	420.2	Approved	"TCIA Accredited 3""w BK"	Screen Print/Heat Transfer		Q9G - BK	vrowinsky	003101
420	3	420.3	Approved	"TCIA Accredited 3""w WH"	Screen Print/Heat Transfer		Q9G - WH	vrowinsky	003101
430	2	430.2	Approved	"Treesmiths 4""w x WHGNBR"	Embroidery		AB4 - WHGNBR	vrowinsky	003101
483	2	483.2	Approved	"Treesmiths 9""w GNBK"	Screen Print/Heat Transfer		STM - GNBK	mmintz	020619
531	2	531.2	Approved	"Schneider Tree Care 3.5""w GNOR"	Embroidery		AJ3 - GNOR	mmintz	001653
557	2	557.2	Approved	"Sky Quest 2.5""w WHRD"	Screen Print/Heat Transfer		RKR - WHRD	mmintz	012939
601	2	601.2	Approved	"O'Connell Electric 4""w BKRDWH"	Embroidery		ASX - BKRDWH	mmintz	014800
642	2	642.2	Approved	"Russell Tree 3.75""w BK"	Screen Print/Heat Transfer		SBH - BK	mmintz	001619
80	2	80.2	Approved	"DECCO 2.01""w x WH"	Embroidery		AG2 - WH	vrowinsky	003101
80	3	80.3	Approved	"DECCO 2.01""w BK"	Embroidery		AG2 - BK	mmintz	002429
816	2	816.2	Approved	"SwitchNGo 3.50"" w WHBKRD"	Screen Print/Heat Transfer		R6A	mmintz	001801
83	2	83.2	Approved	"Stanley Tree 2.9""w WHGY"	Embroidery		AA5 - WHGY	vrowinsky	003101
83	3	83.3	Approved	"Stanley Tree 2.9""w RDBK"	Embroidery		AA5 - RDBK	mmintz	002171
872	2	872.2	Approved	Phillips & Jordan 3.02” WHYWBK	Embroidery		BUS - HAT - WHYWBK	mmintz	001448
94	2	94.2	Approved	"JDB NOW 4""w WHOR"	Embroidery		AJX - WHOR	mmintz	000995
31	2	31.2	Approved	Davey RG 7”w BK	Screen Print/Heat Transfer		RWE - BK	vrowinsky	002388
1625	1	1625.1	Approved	"Wright Service 3.01""h x 1.14""h"	Embroidery		ABW	vrowinsky	002095
1626	1	1626.1	Approved	"Cumberland 3""w x 1.56""h"	Embroidery		A46	vrowinsky	000527
1627	1	1627.1	Approved	"Arborwear 1C 2.25""w x 0.75""h"	Screen Print/Heat Transfer		Q1U	vrowinsky	003101
1623	1	1623.1	Approved	Beyond the Leaf 3.75”w X 2.4”h	Screen Print/Heat Transfer		TLW	mmintz	020575
1624	1	1624.1	Approved	Beyond the Leaf 2”w X 1.66”h	Screen Print/Heat Transfer		TLX	mmintz	020575
1611	1	1611.1	Approved	Treesmiths 10”w X 4.18”h	Screen Print/Heat Transfer		TL4	mmintz	020619
1612	1	1612.1	Approved	Treesmiths 10”w X 4.18”h	Screen Print/Heat Transfer		TL5	mmintz	020619
1613	1	1613.1	Approved	"Bartlett Trainer 4”w X 2.26""h"	Screen Print/Heat Transfer		TL8	mmintz	002120
1614	1	1614.1	Approved	3C Climber 8”w X 7.7	Screen Print/Heat Transfer		TLK	mmintz	003101
1615	1	1615.1	Approved	Arborwear Racerback 2.1”w X 14	Screen Print/Heat Transfer		TLL	mmintz	003101
1616	1	1616.1	Approved	Tree Ring 10.5”w X 11.8”h	Screen Print/Heat Transfer		TLJ	mmintz	003101
1617	1	1617.1	Approved	"Leaf Map 9.25""w x 14""h"	Screen Print/Heat Transfer		TLM	mmintz	003101
1618	1	1618.1	Approved	Arborwear Badge 10”w x 7.55”h	Screen Print/Heat Transfer		TLN	mmintz	003101
1619	1	1619.1	Approved	Bartlett Trainer 4.02”w X 2.25	Embroidery		C6N	mmintz	002120
1620	1	1620.1	Approved	TTAP 2.01”w X 2.03”h	Embroidery		C6W - HAT	mmintz	002118
1621	1	1621.1	Approved	Helix Linear 3.99”w X 1.04”h	Embroidery		C6S	mmintz	004411
1622	1	1622.1	Approved	"Mainscape Sunhat 2.31""w x 1.01"	Embroidery		C6Y - HAT	mmintz	001156
1601	1	1601.1	Approved	AZCO (3-4 Placements)	Screen Print/Heat Transfer		PDQ SEE PROOF	mmintz	022482
1602	1	1602.1	Approved	Tree Trust 4”w X 1.6”h	Screen Print/Heat Transfer		TKA	mmintz	001914
1603	1	1603.1	Approved	TTAP 1C 10”w X 10”h	Screen Print/Heat Transfer		TKJ	mmintz	002118
1604	1	1604.1	Approved	TTAP 10”w X 10”h	Screen Print/Heat Transfer		TKB	mmintz	002118
1606	1	1606.1	Approved	SAT 25 Years 3.51”w X 2.08”h	Embroidery		C6G	mmintz	002398
1607	1	1607.1	Approved	Safety Pro '26 2.00”w X 1.04”h	Embroidery		C6D	mmintz	002127
1608	1	1608.1	Approved	Winkler 3.53”w X 1.34”h	Embroidery		C66	mmintz	000832
1609	1	1609.1	Approved	Mobilize Green 4.02”w X 0.72”h	Embroidery		C5B - HAT	mmintz	002346
1610	1	1610.1	Approved	"Bartlett NO FILL 4.06""w x 1.48"	Embroidery		C69 - HAT Match threads to bill rope.	mmintz	002120
1592	1	1592.1	Approved	"Brightview 3""w x 1.05""h"	Screen Print/Heat Transfer		TKQ	mmintz	000332
1593	1	1593.1	Approved	Brightview Perfect 10”w X 3”h	Screen Print/Heat Transfer		TKP	mmintz	000332
1594	1	1594.1	Approved	"Growth Solutions 7”w X 9.6""h"	Screen Print/Heat Transfer		TKL	mmintz	001527
1595	1	1595.1	Approved	Arborist Standards 10”w X 8.4”	Screen Print/Heat Transfer		TKT	mmintz	000164
1596	1	1596.1	Approved	"Mobilize Green 10""w x 1.77""h"	Screen Print/Heat Transfer		TL2	mmintz	002346
1597	1	1597.1	Approved	Good Nature 3.99”w X 1.28”h	Embroidery		C5T	vrowinsky	000794
1598	1	1598.1	Approved	"GN Bruce 2.69”w X 2.81""h"	Embroidery		C5U	vrowinsky	000794
1599	1	1599.1	Approved	"Purdue Uni 3.5""w x 2.27""h"	Screen Print/Heat Transfer		TJL	vrowinsky	002851
1600	1	1600.1	Approved	Purdue Admin Ops 3”w X 0.6”h	Screen Print/Heat Transfer		TJM	vrowinsky	002851
1591	1	1591.1	Approved	"Ennis 2.39"" x 3"""	Embroidery		BAU	vrowinsky	000650
1585	1	1585.1	Approved	"SAT 5 Yr Award 4""w x 2.61""h"	Embroidery		A9L	vrowinsky	002398
1586	1	1586.1	Approved	"SavATree 2.49""w x 1.01""h"	Embroidery		AK9	vrowinsky	002398
1587	1	1587.1	Approved	"American Flag 3""w x 1.8""h"	Screen Print/Heat Transfer		QQD	vrowinsky	*
1588	1	1588.1	Approved	CVA New Mexico 2.5”w X 2.5”h	Hat Press Heat Press		GDM	vrowinsky	002397
1589	1	1589.1	Approved	"Asplundh Brush 3.5""w x .75""h"	Screen Print/Heat Transfer		R13	vrowinsky	002154
1542	1	1542.1	Approved	"Davey - DIUVM 3""w X 0.61""h"	Embroidery		AZF	vrowinsky	002388
1543	1	1543.1	Approved	"Treeworks Clearing 4""w x 1.39"""	Embroidery		AF2	vrowinsky	001919
1544	1	1544.1	Approved	"Ennis Constr 2.75""w x 3.5""h"	Embroidery		AEQ	vrowinsky	000650
1545	1	1545.1	Approved	EMB Personalization - Block	Emb Personalization		A4Z	vrowinsky	*
1546	1	1546.1	Approved	"Arborist Enterp 3.5""w x 2.1""h"	Embroidery		ADV	vrowinsky	000160
1547	1	1547.1	Approved	"Bradley Mech 4.5""w x 1.13""h"	Embroidery		AD8	vrowinsky	002217
1548	1	1548.1	Approved	"UpTower 5.97""w x 1.26""h"	Embroidery		ACW	vrowinsky	003868
1549	1	1549.1	Approved	"Nantucket Yard 4""w x .7""h"	Embroidery		ACS	vrowinsky	001273
1550	1	1550.1	Approved	"Ossipee Mount 4.25""w x 1.75""h"	Embroidery		ACN	vrowinsky	001389
1551	1	1551.1	Approved	Tadcon 3.24”w X 3.02”h	Embroidery		BMY	vrowinsky	037657
1552	1	1552.1	Approved	"Wilkinson Eco 4.02""w x 0.98""h"	Embroidery		ABR	vrowinsky	002060
1553	1	1553.1	Approved	"UTS 3.99""w X 1.06""h"	Embroidery		ABF	vrowinsky	002127
1554	1	1554.1	Approved	"Tree Tech Txt 4.02""w x 1.36""h"	Embroidery		AAY	vrowinsky	001911
1555	1	1555.1	Approved	"TP TRAILERS 3.99”w X 1.12""h"	Embroidery		AV8	vrowinsky	000563
1556	1	1556.1	Approved	"SAT Consulting 3.95""w x 2.27""h"	Embroidery		A9N	vrowinsky	002398
1557	1	1557.1	Approved	"Mainscape Keys 3.5""w x 2.8""h"	Screen Print/Heat Transfer		TIG	mmintz	001156
1558	1	1558.1	Approved	"Urban Wood Lab 2.25""w x 2.25""h"	Embroidery		AI6	vrowinsky	000915
1559	1	1559.1	Approved	Arbor Works HVSA 7”w X 2”h	Screen Print/Heat Transfer		TIP	mmintz	004619
1560	1	1560.1	Approved	"National Park Serv 3""w x 3.95"""	Embroidery		A83	vrowinsky	026680
1561	1	1561.1	Approved	Mainscape 9”w x 2.5”h	Screen Print/Heat Transfer		TIH	mmintz	001156
1562	1	1562.1	Approved	Mainscape 8”w x 3.4”h	Screen Print/Heat Transfer		TII	mmintz	001156
1563	1	1563.1	Approved	"CS Tree 3.75""w x 2""h"	Embroidery		A45	vrowinsky	000521
1564	1	1564.1	Approved	"Asplundh Region 066 4""w x 0.9"""	Screen Print/Heat Transfer		TJ2	mmintz	002127
1565	1	1565.1	Approved	"Asplundh Safety 9”w X 1.9""h"	Screen Print/Heat Transfer		TJ3	mmintz	002127
1566	1	1566.1	Approved	Boutte Tree 11”w X 9.9”h	Screen Print/Heat Transfer		TI8	mmintz	000310
1567	1	1567.1	Approved	"Boutte Tree 3.5""w x 3.17""h"	Screen Print/Heat Transfer		TI9	mmintz	000310
1568	1	1568.1	Approved	Superior Tree Care 7”w X 8.7”h	Screen Print/Heat Transfer		TJC	mmintz	001793
1569	1	1569.1	Approved	"City of Bexley 1.82""w x 2.25""h"	Embroidery		A3N - THICK	vrowinsky	000270
1570	1	1570.1	Approved	Tri-C Plant Science 3”w X 2.67	Screen Print/Heat Transfer		TJG	mmintz	000532
1571	1	1571.1	Approved	"All About Trees 3.64""w x 1.29"""	Embroidery		A1K	vrowinsky	000078
1572	1	1572.1	Approved	"Asplundh Rail 3.3”w x 0.68""h"	Screen Print/Heat Transfer		TJJ	mmintz	002127
1574	1	1574.1	Approved	Ohio Flag 3.00”w X 1.87”h	Embroidery		C5Y	mmintz	*
1575	1	1575.1	Approved	"SAT Fleet Dept. 3.51”w X 1.16"""	Embroidery		C64	mmintz	002398
1576	1	1576.1	Approved	BYU Davey 3.98”w X 1.05”h	Embroidery		C5L - HAT	mmintz	002387
1577	1	1577.1	Approved	"ACRT Horizontal 3.5""w x 1.13""h"	Embroidery		A17	vrowinsky	000011
1578	1	1578.1	Approved	"ACRT Arborist 1.99""w x 1.74""h"	Embroidery		A15	vrowinsky	000011
1579	1	1579.1	Approved	"CS Tree 3.75""w x 2""h"	Embroidery		A45	vrowinsky	000521
1580	1	1580.1	Approved	"Kendall Vegetation 3.75” X .8"""	Embroidery		BGA	vrowinsky	040037
1476	1	1476.1	Approved	Meridian Tree 3.74”w X 2.67”h	Embroidery		BKI	vrowinsky	001197
1477	1	1477.1	Approved	Old Growth 3.01”w X 2.94”h	Embroidery		BK9	vrowinsky	002360
1478	1	1478.1	Approved	Red Sun Constr 2.45”w X 3.02”h	Embroidery		BK3	vrowinsky	036743
1479	1	1479.1	Approved	"Bradley Mech 4.52”w X 1.04""h"	Embroidery		BJU	vrowinsky	002217
1480	1	1480.1	Approved	N&D Tree 2.99”w X 3.5”h	Embroidery		BJT	vrowinsky	010954
1481	1	1481.1	Approved	Emerald 4.01”w X 1.47”h	Embroidery		BJQ	vrowinsky	000643
1482	1	1482.1	Approved	Emerald 8”w X 2.95”h	Embroidery		BJR	vrowinsky	000643
1483	1	1483.1	Approved	"Davey Forestry 4.01""w X 2.44""h"	Embroidery		BJN	vrowinsky	002388
1484	1	1484.1	Approved	Stewarts 4”w X 1.23”h	Embroidery		BJI	vrowinsky	002398
1485	1	1485.1	Approved	"Althans Insurance 3.24” X 3.5"""	Embroidery		BJ5	vrowinsky	036513
1486	1	1486.1	Approved	Althans Insurance 2.76” X 3.49	Embroidery		BJ6	vrowinsky	036513
1487	1	1487.1	Approved	"SAT Recruiting 3.24”w X 2.02"""	Embroidery		BJ1 - HAT	vrowinsky	002398
1488	1	1488.1	Approved	Heartwood 3.49”w X 3.5”h	Embroidery		BIM	vrowinsky	000870
1489	1	1489.1	Approved	"Maguire Tree 4.01”w X 1.25""h"	Embroidery		BIH	vrowinsky	001152
1490	1	1490.1	Approved	"Vermont Timber 3.48""w x 3.32""h"	Embroidery		ACB	vrowinsky	003789
1491	1	1491.1	Approved	TCIA Corporate 4”w X 3.8”h	Embroidery		BI5	vrowinsky	001817
1492	1	1492.1	Approved	A Cut Above 24 3.76”w X 3.48”h	Embroidery		BI3	vrowinsky	001140
1493	1	1493.1	Approved	"Utility Tree 2.53""w x 1.08""h"	Embroidery		BI2 - HAT	vrowinsky	002127
1494	1	1494.1	Approved	Land Symposium 3.52”w X 2.28”h	Embroidery		BHU	vrowinsky	001450
1495	1	1495.1	Approved	"Safety Council 3.5”w X 3.5""h"	Embroidery		BHT	vrowinsky	001527
1496	1	1496.1	Approved	SAT General 2.72”w X 2.02”h	Embroidery		BHP - HAT	vrowinsky	002398
1497	1	1497.1	Approved	"Rainbow Tree Co 3.5""w x 2.11""h"	Embroidery		A95	vrowinsky	001527
1499	1	1499.1	Approved	Village Gardener .60”w X 2”h	Embroidery		BHM - HAT	vrowinsky	002002
1500	1	1500.1	Approved	SavATree (Tree) 6.02”w X 4.87”	Embroidery		BYJ	vrowinsky	002398
1501	1	1501.1	Approved	ForeverLawn Golf 4”w X 1.28”h	Embroidery		BFQ	vrowinsky	000717
1502	1	1502.1	Approved	Bethel Mills 3.52”w X 2.35”h	Embroidery		BDT	vrowinsky	030975
1503	1	1503.1	Approved	"Bethel Mills Ander 3.5” X .62"""	Embroidery		BDV	mmintz	030975
1504	1	1504.1	Approved	"Bethel Mills Marvin 3”w X .59"""	Embroidery		BDU	mmintz	030975
1505	1	1505.1	Approved	"Maverick Environ 3.76"" x 2.03"""	Embroidery		BBQ	vrowinsky	001180
1506	1	1506.1	Approved	"Green Tree Ont 3.51"" x 3.08"""	Embroidery		BB8	mmintz	030245
1507	1	1507.1	Approved	"Canadian Flag 3.02""w x 1.55"""	Embroidery		BB9	vrowinsky	*
1508	1	1508.1	Approved	Dulcedo 3.75”w X 1.02”h	Embroidery		BAZ - HAT	mmintz	000610
1509	1	1509.1	Approved	Xanderbuilt 3.5”w X 1.24”h	Embroidery		BAY	mmintz	002098
1510	1	1510.1	Approved	Tree Care Icon 2.35”w X 0.75”h	Embroidery		BX1	vrowinsky	037021
1511	1	1511.1	Approved	Arborwear 2.35”w X 0.75”h	Embroidery		BX5 - Nape of Neck	mmintz	037021
1512	1	1512.1	Approved	Arborjet Ecologel 3.57”w X .56	Embroidery		B9U	mmintz	028285
1513	1	1513.1	Approved	PD Dinkers 3.5”w X 1.85”h	Embroidery		B9G - HAT	mmintz	001246
1514	1	1514.1	Approved	Wright S.E.T. 2.76”w X 1.81”h	Embroidery		B8Z - HAT OFFSET	mmintz	002331
1515	1	1515.1	Approved	Discovering Forestry 4”w X 2”h	Embroidery		B9T - HAT	vrowinsky	028285
1516	1	1516.1	Approved	Wright S.E.T. 3.5”w X 2.28”h	Embroidery		B8N	vrowinsky	002331
1517	1	1517.1	Approved	"Woodman Tree 2.86""w x 2.77""h"	Embroidery		B6L	mmintz	002083
1518	1	1518.1	Approved	Preservation Parks 2”w x 2”h	Embroidery		B8J - HAT	vrowinsky	001492
1519	1	1519.1	Approved	Tri-C Plant Sci 2.80”w X 2.86”	Embroidery		B6A	mmintz	000532
1520	1	1520.1	Approved	Woodbridge 3.50”w X 2.88”h	Embroidery		B65	mmintz	002387
1521	1	1521.1	Approved	"Bartlett Research 4""w x 1.55""h"	Embroidery		B4V	vrowinsky	002385
1522	1	1522.1	Approved	"ISA Certified Arb 1.7"" x 2.53"""	Embroidery		B2G	vrowinsky	*
1523	1	1523.1	Approved	"CTSP 10 Years 3.16""w X 3.14""h"	Embroidery		AR4	mmintz	001817
1524	1	1524.1	Approved	"TCIA Magazine 3.75""w X 0.8""h"	Embroidery		B1X	mmintz	001817
1525	1	1525.1	Approved	"Townsend 2.35""w X 1.9""h"	Embroidery		AYH - HAT 2C	mmintz	002121
1526	1	1526.1	Approved	"ISA BCMA 1.57""w X 2.4""h"	Embroidery		AR6	vrowinsky	021048
1527	1	1527.1	Approved	Keller Vibrocat 2.51”w X 3.5”h	Embroidery		BLI	vrowinsky	004844
1528	1	1528.1	Approved	"Bob Ray Co 3""w X 2.25""h"	Embroidery		AY3	mmintz	000292
1529	1	1529.1	Approved	"Keller 3.02""w X 0.84""h"	Embroidery		AVA	vrowinsky	004844
1530	1	1530.1	Approved	"Woodman 4""w X 0.7""h"	Embroidery		ATT - HAT	mmintz	002083
1531	1	1531.1	Approved	"Kevin Masters 3.75""w X .75""h"	Embroidery		ARG	mmintz	001054
1532	1	1532.1	Approved	"RTT Heating Cooling 2.4"" X 2.5"	Embroidery		ATI	vrowinsky	002456
1533	1	1533.1	Approved	Townsend LDP-24  3.52”w X 0.75	Embroidery		BAG	mmintz	002121
1534	1	1534.1	Approved	"American Flag 3.07"" w x 1.71""h"	Embroidery		ANB	mmintz	*
1535	1	1535.1	Approved	"Critical Energy 4.04""w X 1.65"""	Embroidery		AUJ	vrowinsky	000516
1536	1	1536.1	Approved	"Grand Rapids Frst 3.5""w x 1.14"	Embroidery		AML	mmintz	000800
1537	1	1537.1	Approved	"Harder Tree 3.5""w x 2.72""h"	Embroidery		AH8	vrowinsky	000855
1538	1	1538.1	Approved	"Hamilton Tree & Land 4"" x 1.72"	Embroidery		AGR	vrowinsky	000851
1539	1	1539.1	Approved	"Legacy Tree Care 3.5""w x 1.8""h"	Embroidery		AGD	vrowinsky	002383
1540	1	1540.1	Approved	"Jones Bros 3.48""w x 2.81""h"	Embroidery		AFI	vrowinsky	002388
1541	1	1541.1	Approved	Davey Legal Dept 3.49”w X .29”	Embroidery		BJ2	vrowinsky	002388
1376	1	1376.1	Approved	"Kempton Constr 4""w x 1.94""h"	Screen Print/Heat Transfer		QEF	vrowinsky	003941
1377	1	1377.1	Approved	"Shechtman Tree 3.3""w x 3.5""h"	Screen Print/Heat Transfer		QED	vrowinsky	001679
1378	1	1378.1	Approved	"Shechtman Tree 11""w x 11.08""h"	Screen Print/Heat Transfer		QEE	vrowinsky	001679
1379	1	1379.1	Approved	"Meridian Tree 12""w x 8.39""h"	Screen Print/Heat Transfer		QCJ	vrowinsky	001197
1380	1	1380.1	Approved	"Meridian Tree 3.75""w x 2.62""h"	Screen Print/Heat Transfer		QCI	vrowinsky	001197
1382	1	1382.1	Approved	"Affordable Tree 4""w x 3.25""h"	Screen Print/Heat Transfer		QC7 - White Ink	vrowinsky	002853
1383	1	1383.1	Approved	"Affordable Tree 10""w x 7.26""h"	Screen Print/Heat Transfer		QC8 - As Shown	vrowinsky	002853
1384	1	1384.1	Approved	"Nantucket Yard 13""w x 4""h"	Screen Print/Heat Transfer		QBZ	vrowinsky	001273
1385	1	1385.1	Approved	"Nantucket Yard 4.25""w x .75""h"	Screen Print/Heat Transfer		QBY	vrowinsky	001273
1386	1	1386.1	Approved	"Bradley Mechanical 4""w x .71""h"	Screen Print/Heat Transfer		QB5	vrowinsky	002217
1387	1	1387.1	Approved	"Seattle Tree Care 4""w x 1.1""h"	Screen Print/Heat Transfer		Q8V	vrowinsky	001664
1388	1	1388.1	Approved	"Seattle Tree Icon 3""w X 0.875"""	Screen Print/Heat Transfer		RD4	vrowinsky	001664
1389	1	1389.1	Approved	Reading Climate 11”w X 5.29”h	Screen Print/Heat Transfer		SJX	vrowinsky	034240
1391	1	1391.1	Approved	"Cook County 3""w x 2.97""h"	Screen Print/Heat Transfer		SHB	vrowinsky	002118
1393	1	1393.1	Approved	Block - Personalization	SP/HT Personalization		Q7H - BLOCK (See Form)	vrowinsky	*
1394	1	1394.1	Approved	"Nelson 3C 12""w X 5""h"	Screen Print/Heat Transfer		Q6N	vrowinsky	001290
1395	1	1395.1	Approved	"Monarch Tree (1C) 11""w X 5.72"""	Screen Print/Heat Transfer		RG6	vrowinsky	002256
1396	1	1396.1	Approved	"McCulloughs 12""w x 7""h"	Screen Print/Heat Transfer		Q6B	vrowinsky	001187
1397	1	1397.1	Approved	"McCulloughs 4""w x 2.3""h"	Screen Print/Heat Transfer		Q6C	vrowinsky	001187
1398	1	1398.1	Approved	"Maltby and Co 4.25""w x 1.13""h"	Screen Print/Heat Transfer		Q66	vrowinsky	001161
1399	1	1399.1	Approved	"Maltby & Company 12""w x 7""h"	Screen Print/Heat Transfer		Q67	vrowinsky	001161
1400	1	1400.1	Approved	DAVEY Arbor Ally  10”w X 10”h	Screen Print/Heat Transfer		SLF	ncarroll	002388
1401	1	1401.1	Approved	Bartlett 7”w X 2.65”h	Screen Print/Heat Transfer		SSP	ncarroll	002385
1402	1	1402.1	Approved	"Arborwear Oval 9.5""w x 3""h"	Screen Print/Heat Transfer		Q1R	vrowinsky	003101
1403	1	1403.1	Approved	"Bartlett Metro Turf 11” X 2.8"""	Screen Print/Heat Transfer		SS2	ncarroll	002385
1404	1	1404.1	Approved	"Arborwear Infant 4"" x 1.25"""	Screen Print/Heat Transfer		Q1Q	ncarroll	003101
1405	1	1405.1	Approved	A-Z Tree (4 Logos)	Embroidery		PDO (See Proof)	vrowinsky	028292
1406	1	1406.1	Approved	Saluting Branches 2025	Screen Print/Heat Transfer		PDJ	ncarroll	002165
1407	1	1407.1	Approved	WTCW Aerial Rescue 2024	Screen Print/Heat Transfer		PCJ	mmintz	003296
1408	1	1408.1	Approved	ITCC 2024	Screen Print/Heat Transfer		PCI - SEE PROOF for dimensions	vrowinsky	021048
1409	1	1409.1	Approved	Bratfest 2024	Screen Print/Heat Transfer		PCH	ncarroll	003101
1410	1	1410.1	Approved	SkyQuest Maintenance	Screen Print/Heat Transfer		PCG	mmintz	012939
1411	1	1411.1	Approved	Tri-State Bobcat 4”w X 2.16”h	Hat Press Heat Press		L1D	vrowinsky	030298
1412	1	1412.1	Approved	Saluting Branches 2024	Screen Print/Heat Transfer		PCE - *SCREEN PRINT*	mmintz	002165
1413	1	1413.1	Approved	"Tree Care of NY 4"" x 1.84"""	Screen Print/Heat Transfer		G9G	ncarroll	001880
1414	1	1414.1	Approved	"Tri-State Bobcat PATCH 4” X 1"""	Hat Press Heat Press		L19	mmintz	001927
1415	1	1415.1	Approved	"Arborwear Caramel 3.5""w X 1.15"	Hat Press Heat Press		L11 - Caramel Negative Leather	vrowinsky	003101
1416	1	1416.1	Approved	"O'Connell Patch 3.75""w X 2.07"""	Hat Press Heat Press		GED - Rubber Patch	vrowinsky	014800
1417	1	1417.1	Approved	"Tree Care of NY 4"" x 1.84"""	Screen Print/Heat Transfer		G93	ncarroll	001880
1418	1	1418.1	Approved	"Emerald Patch 2.99""w x 4""h"	Hat Press Heat Press		GDI	mmintz	000643
1419	1	1419.1	Approved	"Arbor Masters 11""w x 6.62""h"	Screen Print/Heat Transfer		QIN	mmintz	000171
1420	1	1420.1	Approved	"Arbor Masters Icon 11""w x 11""h"	Screen Print/Heat Transfer		QIM	vrowinsky	000172
1421	1	1421.1	Approved	"Monarch 11.00"" w x 5.72"" h"	Screen Print/Heat Transfer		G8Z	ncarroll	002256
1422	1	1422.1	Approved	"Annapolis Tree 6""w x 5.95""h"	Screen Print/Heat Transfer		QFM	mmintz	000127
1423	1	1423.1	Approved	"Annapolis Wavy Flag 3""w x 3.86"	Screen Print/Heat Transfer		G89	vrowinsky	000127
1424	1	1424.1	Approved	"FL Playground 12.97""w x 5""h"	Screen Print/Heat Transfer		G78	mmintz	000717
1425	1	1425.1	Approved	"Owen Tree 2""w x 1.9""h"	Screen Print/Heat Transfer		G4M	vrowinsky	001406
1426	1	1426.1	Approved	"Growth Solutions 1.75""w x 2.25"	Screen Print/Heat Transfer		R2U	mmintz	001527
1427	1	1427.1	Approved	"ForeverLawn 10.00"" x 9.76"""	Screen Print/Heat Transfer		G7A	ncarroll	000717
1428	1	1428.1	Approved	"Brightview 3.5""w x 1.4""h"	Screen Print/Heat Transfer		G1R	mmintz	000332
1429	1	1429.1	Approved	"Arbor Mountain 3.5"" w x .65"" h"	Screen Print/Heat Transfer		G16	ncarroll	000174
1430	1	1430.1	Approved	"Arbor Mountain 10.5""w x 5.14""h"	Screen Print/Heat Transfer		G17	vrowinsky	000174
1431	1	1431.1	Approved	Carr & Duff 4”w X 1.03”h	Embroidery		BYW	vrowinsky	000388
1432	1	1432.1	Approved	Willow Tree 3.26”w X 3.59”h	Embroidery		BY5	vrowinsky	029868
1433	1	1433.1	Approved	Willow Tree 3.02”w X 3.02	Embroidery		BY6	vrowinsky	029868
1434	1	1434.1	Approved	SavATree Rutsu 3.5”w X 2.37”h	Embroidery		BY1	vrowinsky	002398
1435	1	1435.1	Approved	Deeper Roots 4.05”w X 1.84”h	Embroidery		BXS	vrowinsky	002385
1436	1	1436.1	Approved	Arbor Vista 2.7”w X 1.02”h	Embroidery		BXP	vrowinsky	004619
1437	1	1437.1	Approved	Arbor Works 2.69”w X 0.78”h	Embroidery		BXN	vrowinsky	004619
1438	1	1438.1	Approved	"UpTower 4.71""w x 1.01""h"	Embroidery		BXE	vrowinsky	003868
1439	1	1439.1	Approved	"UpTower Icon 2.5""w x 2.5""h"	Embroidery		ACX	vrowinsky	003868
1440	1	1440.1	Approved	Premier SPOY 25 2.46”w X 3.52”	Embroidery		BX8	vrowinsky	001488
1442	1	1442.1	Approved	AM Tree Tech 3.77”w X 1.41”h	Embroidery		BX3 - HAT	mmintz	000172
1443	1	1443.1	Approved	"Bartlett Safety MGMT 4"" x 3.09"	Embroidery		BWZ	vrowinsky	002385
1444	1	1444.1	Approved	"Engineered Recy 3.02""w X 0.58"""	Embroidery		BWH - HAT BACK	mmintz	000648
1445	1	1445.1	Approved	"O'Connell Prop 2.64""w x 1.77""h"	Embroidery		BW8 - Sun Hat	mmintz	001361
1446	1	1446.1	Approved	"Tri-State Bobcat 4.03”w X .93"""	Embroidery		BW7 - HAT	mmintz	030298
1447	1	1447.1	Approved	"Lucas Safety 3.52”w X 1.62""h"	Embroidery		BW3 - HAT	vrowinsky	001140
1448	1	1448.1	Approved	Monarch Leadership 1.9”w X 2”h	Embroidery		BW2 - HAT	vrowinsky	002256
1449	1	1449.1	Approved	Midwest Tree 3”w X 3.16”h	Embroidery		BQK	mmintz	001221
1450	1	1450.1	Approved	Certified Arb 3C 2.02”w X 3.59	Embroidery		BQM	vrowinsky	*
1451	1	1451.1	Approved	Boutte Tree 4.01”w X 0.81”h	Embroidery		BQE	mmintz	000310
1452	1	1452.1	Approved	Boutte Tree 3.34”w X 3.51”h	Embroidery		BQF	vrowinsky	000310
1453	1	1453.1	Approved	Stowe Electric 3.52”w X 2.95”h	Embroidery		BQD	mmintz	028185
1454	1	1454.1	Approved	T&J Excavating 3.52”w X 3.11”h	Embroidery		BQ5	mmintz	000480
1455	1	1455.1	Approved	"Columbus Equip 3.51”w X 2.58"""	Embroidery		BQ6	vrowinsky	000480
1456	1	1456.1	Approved	ForeverLawn Chicago 4”w X 1.13	Embroidery		BPW	mmintz	000717
1457	1	1457.1	Approved	"Earth Works Outdoor 4” X 1.56"""	Embroidery		BPJ	vrowinsky	036201
1458	1	1458.1	Approved	Reynolds Construction 4” X 1.9	Embroidery		BNT	vrowinsky	037639
1459	1	1459.1	Approved	Tree Care Ent 3.52”w X 2.06”h	Embroidery		BNE	mmintz	001878
1460	1	1460.1	Approved	H Richardson 4.02”w X 0.84”h	Embroidery		BNA	vrowinsky	036602
1461	1	1461.1	Approved	H Richardson 3.5”w X 3.55”h	Embroidery		BNB	mmintz	036602
1462	1	1462.1	Approved	H Richardson 3.5”w X 1.96”h	Embroidery		BNC	vrowinsky	036602
1463	1	1463.1	Approved	"R&H Tree Service 4""w x 3.46""h"	Embroidery		BN9	mmintz	004293
1464	1	1464.1	Approved	Wood Wise 3.5”w X 3.61”h	Embroidery		BN1	vrowinsky	002086
1465	1	1465.1	Approved	"Certified Arb 1.20”w x 2.02""h"	Embroidery		BMZ - HAT	mmintz	021048
1466	1	1466.1	Approved	"Davey Resource 6.04""w x 2.99""h"	Embroidery		BMU	vrowinsky	002388
1468	1	1468.1	Approved	Camp Gravatt 1.71”w X 2”h	Embroidery		BMA - HAT	vrowinsky	000366
1469	1	1469.1	Approved	"Empire Land 4.00""w x 1.31""h"	Embroidery		BMI	mmintz	037597
1470	1	1470.1	Approved	Parks Tree 3”w X 0.63”h	Embroidery		BLY	vrowinsky	004572
1471	1	1471.1	Approved	Wind Thin FB 10.5”w X 4.35”h	Embroidery		BLU	mmintz	002416
1472	1	1472.1	Approved	Riggs Tree 4.01”w X 2.24”h	Embroidery		BLH	mmintz	026837
1473	1	1473.1	Approved	Arborcare 3.52”w X 2.72”h	Embroidery		BL5	vrowinsky	026681
1474	1	1474.1	Approved	Arborcare 9”w X 7.05”h	Embroidery		BL6	vrowinsky	026681
1475	1	1475.1	Approved	SAT Alpine + T4 2.61”w X 2.01”	Embroidery		BKR - HAT	vrowinsky	002398
1304	1	1304.1	Approved	PG & E 8”w X 3.43”h	Screen Print/Heat Transfer		SYH	vrowinsky	028474
1305	1	1305.1	Approved	Shadywood 11”w X 8.33”h	Screen Print/Heat Transfer		S4N	vrowinsky	001673
1306	1	1306.1	Approved	Shadywood 7”w X 5.33”	Screen Print/Heat Transfer		S4Q	vrowinsky	001673
1307	1	1307.1	Approved	Shadywood 3.5”w X 2.65”h	Screen Print/Heat Transfer		S4M	vrowinsky	001673
1308	1	1308.1	Approved	Monarch Texscape 4”w X 3.3”h	Screen Print/Heat Transfer		S2Y	vrowinsky	002256
1309	1	1309.1	Approved	Monarch Texscape 10”w X 8.25”h	Screen Print/Heat Transfer		SB4	vrowinsky	002256
1310	1	1310.1	Approved	Monarch Texscape 7”w X 5.78”h	Screen Print/Heat Transfer		SB3	vrowinsky	002256
1311	1	1311.1	Approved	Tree Climber 2”w X 3.5”h	Screen Print/Heat Transfer		S2R	vrowinsky	021048
1312	1	1312.1	Approved	"Left Sleeve Flag 3""w X 1.5"""	Screen Print/Heat Transfer		RPX	vrowinsky	*
1314	1	1314.1	Approved	Wildwood 7”w X 10”h	Screen Print/Heat Transfer		S27	mmintz	002059
1315	1	1315.1	Approved	"Independence 4.25"" w x 1.50"" h"	Screen Print/Heat Transfer		S1W	ncarroll	000949
1316	1	1316.1	Approved	Montgomery 12”w X 4.50”h	Screen Print/Heat Transfer		S1R	ncarroll	018941
1317	1	1317.1	Approved	Montgomery 12”w X 4.5”h	Screen Print/Heat Transfer		S1R	vrowinsky	018941
1318	1	1318.1	Approved	"Greenleaf 4”w X 1.65""h"	Screen Print/Heat Transfer		S18	vrowinsky	003263
1319	1	1319.1	Approved	Greenleaf 11”w X 4.52”h	Screen Print/Heat Transfer		S19	vrowinsky	003263
1320	1	1320.1	Approved	McCausland 3.5”w X 2.63”h	Screen Print/Heat Transfer		RZR	ncarroll	026639
1321	1	1321.1	Approved	Beaver Tree 3”w X 2.72”h	Screen Print/Heat Transfer		RZF	vrowinsky	000249
1322	1	1322.1	Approved	Beaver Tree 11”w X 10”h	Screen Print/Heat Transfer		RZG	mmintz	000249
1323	1	1323.1	Approved	"Mainscape-Small 3"" x 1.28"""	Screen Print/Heat Transfer		RZ3	ncarroll	001156
1324	1	1324.1	Approved	"Schulhoff Tree LC 3""w x 2.88""h"	Screen Print/Heat Transfer		RYS ** Transfers Only **	mmintz	025320
1325	1	1325.1	Approved	Tree Care Austin 12”w X 3.96”h	Screen Print/Heat Transfer		RWM	vrowinsky	024664
1326	1	1326.1	Approved	Woodbridge 3.50”w X 2.88”h	Screen Print/Heat Transfer		RX2	ncarroll	002388
1327	1	1327.1	Approved	"Mr. Excavator 5""w x 1.16""h"	Screen Print/Heat Transfer		RV4 *See colorway for decoration type*	mmintz	001264
1328	1	1328.1	Approved	"Mr. Excavator ""ME"" 4”w X 3.33”"	Screen Print/Heat Transfer		RVI	vrowinsky	001264
1329	1	1329.1	Approved	"Rivendell Circle 7""w X 7""h"	Screen Print/Heat Transfer		RUQ	ncarroll	003294
1331	1	1331.1	Approved	"Go for Pyro Text 2.1""w X 14""h"	Screen Print/Heat Transfer		RTA	mmintz	022438
1332	1	1332.1	Approved	"EVENT ONE FX 4""w X 1.6""h"	Screen Print/Heat Transfer		RT8	ncarroll	022438
1333	1	1333.1	Approved	"Blooma 11""w X 3.47""h"	Screen Print/Heat Transfer		RST	vrowinsky	022228
1334	1	1334.1	Approved	"SkyQuest High Viz 7""w X 3.85""h"	Screen Print/Heat Transfer		RS8	mmintz	012939
1335	1	1335.1	Approved	"Saluting Branches 11""w X 14""h"	Screen Print/Heat Transfer		RQM	ncarroll	002165
1336	1	1336.1	Approved	"Capitol Tree Care 12""w X 14""h"	Screen Print/Heat Transfer		RQD	mmintz	021385
1337	1	1337.1	Approved	"Northern Clearing 3""w X 2.11""h"	Screen Print/Heat Transfer		RQB	vrowinsky	001338
1338	1	1338.1	Approved	"Capitol Tree Care 4.5"" X 4.5"""	Screen Print/Heat Transfer		RQ2	ncarroll	021385
1339	1	1339.1	Approved	PG & E 9”w X 5.29”h	Screen Print/Heat Transfer		SVI	mmintz	028474
1340	1	1340.1	Approved	"SP McClenahan 7""w X 3""h"	Screen Print/Heat Transfer		RPE	vrowinsky	002385
1341	1	1341.1	Approved	"WTCW MN 2022 7""w X 10.25""h"	Screen Print/Heat Transfer		RNY	mmintz	003296
1342	1	1342.1	Approved	"Tree Hugger 1c 3.5""w X 2.33""h"	Screen Print/Heat Transfer		RK5	mmintz	007981
1343	1	1343.1	Approved	"Townsend SF 3.02""w X 2.2""h"	Screen Print/Heat Transfer		RNX	ncarroll	002121
1344	1	1344.1	Approved	"Tree Amigos Inc 11""w X 4.65""h"	Screen Print/Heat Transfer		RND	vrowinsky	001876
1346	1	1346.1	Approved	"Hi-Five 10”w X 10.54""h"	Screen Print/Heat Transfer		TBZ	vrowinsky	003101
1347	1	1347.1	Approved	"Hi-5 - Hi Five 2.1""w X 2""h"	Screen Print/Heat Transfer		RJN	vrowinsky	003101
1348	1	1348.1	Approved	"Rain Shadow 8""w X 3.8""h"	Screen Print/Heat Transfer		RJK	vrowinsky	001528
1349	1	1349.1	Approved	"Rain Shadow 6""w X 2.9""h"	Screen Print/Heat Transfer		RJJ	vrowinsky	001528
1350	1	1350.1	Approved	"ACRT Stacked 1.73""w x 2.24""h"	Screen Print/Heat Transfer		RDQ	mmintz	000011
1351	1	1351.1	Approved	"GOODS TREE CARE 4""w X 1.57""h"	Screen Print/Heat Transfer		RCX	vrowinsky	010956
1352	1	1352.1	Approved	"GOODS TREE CARE 12""w X 4.7""h"	Screen Print/Heat Transfer		RCY	mmintz	010956
1353	1	1353.1	Approved	"The Garden Contin 4”w X 2.25""h"	Screen Print/Heat Transfer		RBQ	mmintz	000749
1354	1	1354.1	Approved	"Terry Tree 2""w X 1.9""h"	Screen Print/Heat Transfer		RCG	vrowinsky	014905
1355	1	1355.1	Approved	Hoekstra 3.5”w X 12.24”h	Screen Print/Heat Transfer		SLH	vrowinsky	000563
1356	1	1356.1	Approved	"Arborchem 4""w X 0.924""h"	Screen Print/Heat Transfer		QZZ	mmintz	002127
1357	1	1357.1	Approved	"Automatic Garage 3.75"" x 2.75"	Screen Print/Heat Transfer		QZ4	vrowinsky	012757
1358	1	1358.1	Approved	"Automatic Garage 11""w x 11""h"	Screen Print/Heat Transfer		QZ5	vrowinsky	012757
1359	1	1359.1	Approved	"Rogue Tree 11""w x 2.94""h"	Screen Print/Heat Transfer		QVY	mmintz	001597
1360	1	1360.1	Approved	"Rogue Tree 4""w X 1.06""h"	Screen Print/Heat Transfer		RS3	vrowinsky	001597
1361	1	1361.1	Approved	"Abundant Tree 4""w x 1.27""h"	Screen Print/Heat Transfer		QVN	mmintz	000037
1362	1	1362.1	Approved	"Abundant Tree 12""w x 3.8""h"	Screen Print/Heat Transfer		QVP	vrowinsky	000037
1363	1	1363.1	Approved	"Arbor Masters 7""w x 4.2""h"	Screen Print/Heat Transfer		QQW	mmintz	000172
1364	1	1364.1	Approved	"Integrity Tree 3""w x 1.15""h"	Screen Print/Heat Transfer		QM1	mmintz	000963
1365	1	1365.1	Approved	"Arbor Care 3.5""w x 3.5""h"	Screen Print/Heat Transfer		QL8	mmintz	001528
1366	1	1366.1	Approved	"Taylor Tree 3.5""w x 3.4""h"	Screen Print/Heat Transfer		QKA	mmintz	005680
1367	1	1367.1	Approved	"Arbor Care Tree 9""w x 9""h"	Screen Print/Heat Transfer		QL9	vrowinsky	006126
1368	1	1368.1	Approved	"Back Tree Service 3.25"" x 3.2"""	Screen Print/Heat Transfer		QMJ	vrowinsky	000229
1369	1	1369.1	Approved	"TAYLOR TREE 8.5""w x 8.38""h"	Screen Print/Heat Transfer		QXE	vrowinsky	005680
1370	1	1370.1	Approved	"G&S Excavation 10""w x 4""h"	Screen Print/Heat Transfer		QK2	mmintz	002245
1371	1	1371.1	Approved	"American Flag RS 3""w x 1.8""h"	Screen Print/Heat Transfer		QTC	vrowinsky	*
1372	1	1372.1	Approved	"LYMO Flag Fill 11""w x 6.8""h"	Screen Print/Heat Transfer		QYQ	vrowinsky	004262
1373	1	1373.1	Approved	"LYMO Construction 3.5""w x 1""h"	Screen Print/Heat Transfer		QHJ	mmintz	004262
1374	1	1374.1	Approved	"R&H Tree Service 4""w x 3.5"""	Screen Print/Heat Transfer		QG6	vrowinsky	004293
1375	1	1375.1	Approved	"R&H Tree Service 11""w x 12""h"	Screen Print/Heat Transfer		QG7	vrowinsky	004293
1264	1	1264.1	Approved	"ForeverLawn Palm 4”w X 1.12""h"	Screen Print/Heat Transfer		SN6	vrowinsky	000717
1265	1	1265.1	Approved	"Red Sun Con 2.5”w X 3.08""h"	Screen Print/Heat Transfer		SM6	vrowinsky	036743
1266	1	1266.1	Approved	Emerald 4”w X 1.49”h	Screen Print/Heat Transfer		SLX	vrowinsky	000643
1267	1	1267.1	Approved	Emerald 8”w X 2.98”h	Screen Print/Heat Transfer		SLY	vrowinsky	000643
1268	1	1268.1	Approved	TCIA  11.25”w X 9.92”h	Screen Print/Heat Transfer		SL7 (PNG ONLY)	vrowinsky	001817
1269	1	1269.1	Approved	"Townsend Arborcare 4""w x 1.77"""	Screen Print/Heat Transfer		SJN	vrowinsky	002121
1270	1	1270.1	Approved	Philmont Rayado 3.75”w X 3.51”	Screen Print/Heat Transfer		SJT (PNG ONLY)	vrowinsky	001450
1271	1	1271.1	Approved	Philmont Rayado 8”w X 9.21”h	Screen Print/Heat Transfer		SJU (PNG ONLY)	vrowinsky	001450
1272	1	1272.1	Approved	Row-Care SF 4”w X 1.45”h	Screen Print/Heat Transfer		SJA	vrowinsky	009845
1273	1	1273.1	Approved	Southern Line 4”w X 2.29”h	Screen Print/Heat Transfer		SJ9	vrowinsky	009845
1274	1	1274.1	Approved	McAllister Utilities 4” X 1.29	Screen Print/Heat Transfer		SJ8	vrowinsky	009845
1275	1	1275.1	Approved	NGG Safety First 4”w X 2.3”h	Screen Print/Heat Transfer		SJ7	vrowinsky	009845
1276	1	1276.1	Approved	Bartlett Safety 7”w X 3.08”h	Screen Print/Heat Transfer		SIN - HVSA	vrowinsky	002385
1277	1	1277.1	Approved	Liberatore Landscape 4” X 1.41	Screen Print/Heat Transfer		SIM	vrowinsky	001115
1278	1	1278.1	Approved	"Fiorilli 11”w X 1.38""h"	Screen Print/Heat Transfer		SIK	vrowinsky	000697
1279	1	1279.1	Approved	Fiorilli Building 11”w X 4.08”	Screen Print/Heat Transfer		SIL	vrowinsky	000697
1280	1	1280.1	Approved	Trade Partner 2.18”w X 2.25”h	Screen Print/Heat Transfer		SII	vrowinsky	000697
1281	1	1281.1	Approved	Fiorilli 11”w X 5.75”h	Screen Print/Heat Transfer		SIJ	vrowinsky	000697
1282	1	1282.1	Approved	Tree Pro 1C 4”w x 1.52”h	Screen Print/Heat Transfer		SI7	vrowinsky	004419
1283	1	1283.1	Approved	Canopy LLC  10”w X 11.46”h	Screen Print/Heat Transfer		SI1	vrowinsky	008784
1284	1	1284.1	Approved	SE Alaska 2.5”w X 2.5”h	Screen Print/Heat Transfer		SHP	vrowinsky	027422
1285	1	1285.1	Approved	SE Alaska 3.5”w X 0.28”h	Screen Print/Heat Transfer		SI2	vrowinsky	027422
1286	1	1286.1	Approved	"Savatree Sleeve 1.63""w X 14""h"	Screen Print/Heat Transfer		R9K	vrowinsky	002398
1288	1	1288.1	Approved	Heartwood 7”w X 2.04”h	Screen Print/Heat Transfer		T2C - HVSA	vrowinsky	000870
1289	1	1289.1	Approved	Tree Climb Alli 3”w X 3.22”h	Screen Print/Heat Transfer		TA5	vrowinsky	020284
1290	1	1290.1	Approved	"True North 3.5""w x 1.13""h"	Screen Print/Heat Transfer		SC6	vrowinsky	014729
1291	1	1291.1	Approved	Russell Tree 9”w X 2.37”h	Screen Print/Heat Transfer		TAM - HVSA	vrowinsky	001619
1293	1	1293.1	Approved	"Structural 6""w x 5.88""h"	Screen Print/Heat Transfer		T8R - (small) HVSA	vrowinsky	030976
1294	1	1294.1	Approved	"A-Z Tree Service 3""w x 2.97""h"	Screen Print/Heat Transfer		S7A	vrowinsky	028292
1295	1	1295.1	Approved	"A-Z Tree Service 10""w x 9.88""h"	Screen Print/Heat Transfer		S7B	vrowinsky	028292
1296	1	1296.1	Approved	"Mint City Tree 4""w x 1.3""h"	Screen Print/Heat Transfer		S6U	vrowinsky	001231
1297	1	1297.1	Approved	Tree Walker 3.5”w X 1.74”h	Screen Print/Heat Transfer		S6M	vrowinsky	029830
1298	1	1298.1	Approved	"Brandywine Const 4""w x 2.95""h"	Screen Print/Heat Transfer		S6J	vrowinsky	000321
1299	1	1299.1	Approved	Woodman 9”w X 1.68”h	Screen Print/Heat Transfer		S6A	vrowinsky	002083
1300	1	1300.1	Approved	Woodman 9”w X 9”h	Screen Print/Heat Transfer		S6B - YOUTH	vrowinsky	002083
1301	1	1301.1	Approved	"Tree Care Partners 3.5” X .85"""	Screen Print/Heat Transfer		S63	vrowinsky	037021
1302	1	1302.1	Approved	Monarch Enviro 3.5”w X 3.55”h	Screen Print/Heat Transfer		S5X	vrowinsky	020655
1303	1	1303.1	Approved	PG & E 3.5”w X 1.65”h	Screen Print/Heat Transfer		S5R	vrowinsky	028474
1168	1	1168.1	Approved	"J Bill Land 3.01""w x 2.35""h"	Embroidery		A6U	mmintz	000991
1169	1	1169.1	Approved	"Indepen Indy 2.76""w x 1.94""h"	Embroidery		A6H	mmintz	000949
1170	1	1170.1	Approved	"Brightview 3.51""w x 1.25""h"	Embroidery		A39	mmintz	000332
1171	1	1171.1	Approved	"Arborwear 3.13""w x 1.01""h"	Embroidery		A2D - HAT (No Fill)	mmintz	003101
1172	1	1172.1	Approved	"ACRT Services 1.76""w x 2.52""h"	Embroidery		A1E	mmintz	000011
1173	1	1173.1	Approved	"ACRT Training 2.18""w x 2.53""h"	Embroidery		A16	mmintz	000011
1174	1	1174.1	Approved	"Arborwear Pocket 3”w X 1""h"	Screen Print/Heat Transfer		Z16	mmintz	003101
1175	1	1175.1	Approved	Goon Fest 11”w X 3.73”h	Screen Print/Heat Transfer		Z11 - *SCREEN PRINT ONLY*	mmintz	002387
1176	1	1176.1	Approved	Goon Fest 10.80”w X 14”h	Screen Print/Heat Transfer		Z12	mmintz	002387
1177	1	1177.1	Approved	"New England ISA 4""w x 1.15""h"	Screen Print/Heat Transfer		TD1	mmintz	001306
1178	1	1178.1	Approved	"Tri-State Bobcat 3.5”w x .78""h"	Screen Print/Heat Transfer		TCD - Pocket	mmintz	001927
1179	1	1179.1	Approved	Tri-State Bobcat 7”w X 1.57”h	Screen Print/Heat Transfer		TC7 - HVSA	mmintz	001927
1180	1	1180.1	Approved	Keller 11”w X 3.13”h	Screen Print/Heat Transfer		TC4	mmintz	004844
1181	1	1181.1	Approved	Xylem 3.5”w X 0.75”h	Screen Print/Heat Transfer		TBR	mmintz	002102
1182	1	1182.1	Approved	Kendall 3.5”w X 0.75”h	Screen Print/Heat Transfer		TBQ SDT	mmintz	040037
1183	1	1183.1	Approved	"Tri-State Bobcat 4.25”w X .95"""	Screen Print/Heat Transfer		TAV	mmintz	001927
1184	1	1184.1	Approved	"Lorain County Metro 1.71"" x 3"""	Screen Print/Heat Transfer		TAS	ncarroll	001135
1185	1	1185.1	Approved	Kemp West (1C) 3.5”w X 1.29”h	Screen Print/Heat Transfer		TAI	ncarroll	002102
1186	1	1186.1	Approved	Arborwear Cherub 9”w X 7.56”h	Screen Print/Heat Transfer		TAB	mmintz	003101
1187	1	1187.1	Approved	"Mint City Kenston 4""w x 1.01""h"	Screen Print/Heat Transfer		TA1	mmintz	001231
1189	1	1189.1	Approved	Monster HVSA 7”w X 5.91”h	Screen Print/Heat Transfer		T9F	mmintz	002326
1190	1	1190.1	Approved	Arborwear HVSA 7”w X 7.15”h	Screen Print/Heat Transfer		T91	ncarroll	003101
1191	1	1191.1	Approved	"Bratfest 2025 3.5""w x 3.2""h"	Screen Print/Heat Transfer		T8Y	mmintz	003101
1192	1	1192.1	Approved	Bratfest FB 11”w X 9.81”h	Screen Print/Heat Transfer		T8Z	ncarroll	003101
1193	1	1193.1	Approved	Mobilize Green 8”w X 1.93”h	Screen Print/Heat Transfer		T8X	mmintz	002346
1194	1	1194.1	Approved	Asplundh Invested 7”w X 8.33”h	Screen Print/Heat Transfer		T8G - HVSA	mmintz	002127
1195	1	1195.1	Approved	Bainbridge Zoning 4”w X 0.83”h	Screen Print/Heat Transfer		T8F	mmintz	000233
1196	1	1196.1	Approved	The Tree Company 6.5”w X 6.25”	Screen Print/Heat Transfer		T77	mmintz	001884
1197	1	1197.1	Approved	Tweedie 3.75”w X 3.61”h	Screen Print/Heat Transfer		T6T	ncarroll	021048
1198	1	1198.1	Approved	The Tree Company 7.6”w X 10”h	Screen Print/Heat Transfer		T78	mmintz	001884
1199	1	1199.1	Approved	"ISA Certified 2.00""w x 3.5""h"	Screen Print/Heat Transfer		RQH	ncarroll	021048
1200	1	1200.1	Approved	The Tree Company 2.75”w X 2.75	Screen Print/Heat Transfer		T79	mmintz	001884
1201	1	1201.1	Approved	Bartlett Team 19 3.5”w X 1.12”	Screen Print/Heat Transfer		T6J	mmintz	002385
1202	1	1202.1	Approved	"Bartlett TPS 11”w X 1.12""h"	Screen Print/Heat Transfer		T6K	mmintz	002385
1203	1	1203.1	Approved	Nelson Safety Pro 7”w X 6.02”h	Screen Print/Heat Transfer		T5V	ncarroll	001290
1204	1	1204.1	Approved	ACRT Training 2.15”w X 2.5”h	Screen Print/Heat Transfer		T65	mmintz	000011
1205	1	1205.1	Approved	G.W. Gill 1C 2.23”w X 3”h	Screen Print/Heat Transfer		T5F	mmintz	035020
1206	1	1206.1	Approved	G.W. Gill 3.25”w X 3.08”h	Screen Print/Heat Transfer		SEZ	mmintz	035020
1208	1	1208.1	Approved	Catskill 3.75”w X 1.75”h	Screen Print/Heat Transfer		T1G	mmintz	000394
1209	1	1209.1	Approved	O'Connell (2C) 4”w X .91”h	Screen Print/Heat Transfer		SYV	ncarroll	014800
1210	1	1210.1	Approved	"Monarch Lead '25 9.46” x 12"""	Screen Print/Heat Transfer		T7E	mmintz	020655
1211	1	1211.1	Approved	"Monarch CA 2.00"" w x 3.5"" h"	Screen Print/Heat Transfer		G8V	ncarroll	021048
1212	1	1212.1	Approved	City Of Madison HVSA 7”w X 7”h	Screen Print/Heat Transfer		SWZ	mmintz	040390
1213	1	1213.1	Approved	Covered Bridge 3.5”w X 3.5”h	Screen Print/Heat Transfer		STL	mmintz	011955
1214	1	1214.1	Approved	Denali 11”w X 2.15”h	Screen Print/Heat Transfer		SV4	ncarroll	000566
1215	1	1215.1	Approved	ForeverLawn 12”w X 13.78”h	Screen Print/Heat Transfer		STD	mmintz	000717
1216	1	1216.1	Approved	"ForeverLawn Chicago 4” X 1.11"""	Screen Print/Heat Transfer		STC	ncarroll	000717
1217	1	1217.1	Approved	CC Arboretum 3.13”w X 4”h	Screen Print/Heat Transfer		SSV	mmintz	012930
1218	1	1218.1	Approved	CC Arboretum 1.59”w X 13”h	Screen Print/Heat Transfer		SSW	mmintz	012930
1219	1	1219.1	Approved	H Richardson 4”w X 0.83”h	Screen Print/Heat Transfer		SRE	ncarroll	036602
1220	1	1220.1	Approved	"Tree Works 3.5""w x 1.71""h"	Screen Print/Heat Transfer		SRB	mmintz	024961
1221	1	1221.1	Approved	H Richardson 8”w X 8.05”h	Screen Print/Heat Transfer		SRF	mmintz	036602
1222	1	1222.1	Approved	"H Richardson 2 logos 3.5""w"	Screen Print/Heat Transfer		SRG	mmintz	036602
1223	1	1223.1	Approved	Tree House 1.9”w X 3”h	Screen Print/Heat Transfer		SRA	ncarroll	027044
1224	1	1224.1	Approved	Tree Works HVSA 8”w X 3.91”h	Screen Print/Heat Transfer		SRC	mmintz	024961
1225	1	1225.1	Approved	Sea Island 3.5”w X 1.48”h	Screen Print/Heat Transfer		SRD	mmintz	024961
1226	1	1226.1	Approved	"Wheat Ridge 4"" w x 2.28"" h"	Screen Print/Heat Transfer		SQU	ncarroll	035530
1227	1	1227.1	Approved	G&S Excavation 9”w X 3.53”h	Screen Print/Heat Transfer		SR1	mmintz	002245
1228	1	1228.1	Approved	Eagle 6”w X 5.08”h	Screen Print/Heat Transfer		SQQ	mmintz	001264
1229	1	1229.1	Approved	Duquesne 3.75”w X 2.03”h	Screen Print/Heat Transfer		SQJ	ncarroll	023353
1230	1	1230.1	Approved	Hudson 4”w X 1.66”h	Screen Print/Heat Transfer		SQH	mmintz	002377
1231	1	1231.1	Approved	Petty Group 5”w X 3.24”h	Screen Print/Heat Transfer		SQE	mmintz	001264
1232	1	1232.1	Approved	Petty Group 11”w X 3.14”h	Screen Print/Heat Transfer		SQF	mmintz	001264
1233	1	1233.1	Approved	Spot On Site 4”w X 1.57”h	Screen Print/Heat Transfer		SQB	mmintz	001264
1234	1	1234.1	Approved	Spot On Site 5”w X 0.83”h	Screen Print/Heat Transfer		SQD	mmintz	001264
1235	1	1235.1	Approved	SavATree Canada 4.5”w X 3.6”h	Screen Print/Heat Transfer		SQ4	mmintz	002398
1238	1	1238.1	Approved	Eagle 5”w X 4.23”h	Screen Print/Heat Transfer		SQA	ncarroll	001264
1239	1	1239.1	Approved	SavATree Canada 12”w X 9.61”h	Screen Print/Heat Transfer		SQ5	mmintz	002398
1240	1	1240.1	Approved	Ullman Electric 3.75”w X 1.75”	Screen Print/Heat Transfer		SPS	mmintz	037555
1241	1	1241.1	Approved	Long View Forest 4”w X 0.57”h	Screen Print/Heat Transfer		SPH	ncarroll	001134
1242	1	1242.1	Approved	Long View Forest 2.46”w X 2”h	Screen Print/Heat Transfer		SPI	mmintz	001134
1243	1	1243.1	Approved	Arbor Aesthetics 4”w X 1.62”h	Screen Print/Heat Transfer		SP2	mmintz	005174
1244	1	1244.1	Approved	ArborMetrics UAS 7”w X 4.07”h	Screen Print/Heat Transfer		SP3	ncarroll	002127
1245	1	1245.1	Approved	Aspen Grove HVSA 7”w X 1.58”h	Screen Print/Heat Transfer		SNQ	mmintz	002127
1246	1	1246.1	Approved	Hamilton Tree 2.49”w X 3”h	Screen Print/Heat Transfer		SNM	ncarroll	037056
1247	1	1247.1	Approved	Hamilton Tree 11”w X 9.94”h	Screen Print/Heat Transfer		SNE	mmintz	037056
1249	1	1249.1	Approved	"Stewarts 6"" w x 1.84"" h"	Screen Print/Heat Transfer		SMN	ncarroll	002398
1250	1	1250.1	Approved	"Savatree Hilde Tech 6"" x 4.22"""	Screen Print/Heat Transfer		SMM	mmintz	002398
1251	1	1251.1	Approved	Orleans County 3.5”w X 3.65”h	Screen Print/Heat Transfer		SLZ	mmintz	027998
1253	1	1253.1	Approved	Orleans County 11”w X 3.91”h	Screen Print/Heat Transfer		SM1	mmintz	027998
1254	1	1254.1	Approved	"TCIA 4"" w x2.52"" h"	Screen Print/Heat Transfer		SL5	ncarroll	001817
1255	1	1255.1	Approved	MAC ISA 1C 4”w X 1.41”h	Screen Print/Heat Transfer		SL3	mmintz	001148
1256	1	1256.1	Approved	MAC ISA 2024 10”w X 10”h	Screen Print/Heat Transfer		SL4	ncarroll	021048
1257	1	1257.1	Approved	His Hands Tree 3.75”w X 3.4”h	Screen Print/Heat Transfer		SKQ	ncarroll	036451
1258	1	1258.1	Approved	His Hands Tree 11”w X 9.98”h	Screen Print/Heat Transfer		SKR	mmintz	036451
1259	1	1259.1	Approved	Oasis Tree 4”w X 1.80”h	Screen Print/Heat Transfer		SKM	mmintz	001357
1260	1	1260.1	Approved	G&V Tree Service 4”w X 1.65”h	Screen Print/Heat Transfer		SKN	ncarroll	004256
1261	1	1261.1	Approved	"SaT Beetlebung 10.5” X 6.52"""	Screen Print/Heat Transfer		SKJ	ncarroll	002398
1262	1	1262.1	Approved	Heartwood 10”w X 10”h	Screen Print/Heat Transfer		SKA	mmintz	000870
1263	1	1263.1	Approved	AEP Safety Pro 3”w X 2.59”h	Screen Print/Heat Transfer		SJG	mmintz	002127
1143	1	1143.1	Approved	"Eager Beaver 3.5""w X 2.9""h"	Embroidery		B23	ncarroll	002587
1144	1	1144.1	Approved	"Leimeister Crane 3.51""w X 1.5"""	Embroidery		B14	mmintz	001107
1145	1	1145.1	Approved	"City of Bexley 1.6""w X 2""h"	Embroidery		B11 - HAT	mmintz	000270
1146	1	1146.1	Approved	"Foley's Tree Svc 3.4""w X 2.25"""	Embroidery		AZQ	mmintz	000707
1147	1	1147.1	Approved	"Engineered Rec 3.85""w X 2.2""h"	Embroidery		AZM - HAT	mmintz	000648
1148	1	1148.1	Approved	"Alyeska 4""w X 3.17""h"	Embroidery		AY6	ncarroll	000102
1149	1	1149.1	Approved	"Carroll Tree 4.01""w x 1.5""h"	Embroidery		AVH	mmintz	000388
1150	1	1150.1	Approved	"Superior Tree Care 7” X 8.69"""	Embroidery		B56	ncarroll	001793
1151	1	1151.1	Approved	"Superior Tree Care 3""w x 3.72"""	Embroidery		AU8	mmintz	001793
1152	1	1152.1	Approved	Seattle Tree 2.81”w X 3.01”h	Embroidery		BZ7 - Sleeve	mmintz	001664
1153	1	1153.1	Approved	"Townsend Arborcare 4"" x 1.1"""	Embroidery		ANL	ncarroll	002121
1154	1	1154.1	Approved	"Justin's Tree 1.65""w x 2.75""h"	Embroidery		AMX	mmintz	005850
1155	1	1155.1	Approved	"Geauga Park Dst 2.3""w x 2.79""h"	Embroidery		AL7	mmintz	000763
1156	1	1156.1	Approved	"New Age Tree Svc 2.09""w x 3""h"	Embroidery		AJB	mmintz	001298
1157	1	1157.1	Approved	"Catskills Forest 3.75""w x 1.75"	Embroidery		AJ8	mmintz	000394
1158	1	1158.1	Approved	"Helix Linear 4.01""w x 1.06""h"	Embroidery		AIP	mmintz	004411
1159	1	1159.1	Approved	"Tree Care Nation 4""w x 2.2""h"	Embroidery		AIG	mmintz	001880
1160	1	1160.1	Approved	"Wells Tree 3.51""w x 0.98""h"	Embroidery		AHG	mmintz	002035
1161	1	1161.1	Approved	"American Flag Sleeve 3"" x 2"""	Embroidery		AC8	ncarroll	028117
1162	1	1162.1	Approved	East Tech 3.5”w X 1.19”h	Embroidery		B9M	ncarroll	028117
1164	1	1164.1	Approved	Wright's Tree 3.51”w x 1.07”h	Embroidery		ABZ	mmintz	002091
1165	1	1165.1	Approved	"McCullough's 3.41"" W x 2"" H"	Embroidery		A7Q	ncarroll	001187
1166	1	1166.1	Approved	"Western Reserve 3.01""w x 3.57"""	Embroidery		ABJ - Sporting Circle	mmintz	002045
1167	1	1167.1	Approved	"Jersey Truck Equip 4""w X 1.5""h"	Embroidery		AVK	mmintz	000563
1116	1	1116.1	Approved	YTS 4.01”w X 1.16”h	Embroidery		BI8	mmintz	002108
1117	1	1117.1	Approved	TCIA Board 4.01”w X 2.88”h	Embroidery		BHZ	mmintz	001817
1118	1	1118.1	Approved	Dynaserv 3.02”w X 0.66”h	Embroidery		BHW - HAT	mmintz	020655
1119	1	1119.1	Approved	Village Gardener 3.20”w X 2.20	Embroidery		BH1 - HAT	mmintz	002002
1120	1	1120.1	Approved	O'Connell Prop 3.29”w X 2.20”h	Embroidery		BGX - HAT	mmintz	001361
1121	1	1121.1	Approved	"Ottawa Landscapes 2”w X 2""h"	Embroidery		BGV	mmintz	035419
1122	1	1122.1	Approved	"Bruening Exc 1.64”w X 2.01""h"	Embroidery		BGQ - HAT	mmintz	002177
1123	1	1123.1	Approved	Henry's Tree 3.54”w X 1.80”h	Embroidery		BG5	mmintz	005134
1124	1	1124.1	Approved	Sports Grass FL 3.5”w X .61”h	Embroidery		BFR	mmintz	000717
1125	1	1125.1	Approved	K9 Grass FL 4”w X 1.32”h	Embroidery		BFP	mmintz	000717
1126	1	1126.1	Approved	"Monarch Dynaserv 3.5""w x 2.84"""	Embroidery		BFV	ncarroll	002256
1127	1	1127.1	Approved	"True North 3.52""w x 1.15""h"	Embroidery		BFK - HAT	mmintz	014729
1128	1	1128.1	Approved	N & D Tree 3.5”w X 2.13”h	Embroidery		BEX - HAT	mmintz	002359
1129	1	1129.1	Approved	"Timberline 4.01"" x 0.82"""	Embroidery		BEF	ncarroll	002274
1130	1	1130.1	Approved	DJs Tree HAT 3.01”w X 2.13”h	Embroidery		BEA - HAT	mmintz	000588
1131	1	1131.1	Approved	"A-Z Tree Services 2.23""w X 2.2"	Embroidery		BAX - HAT	mmintz	028292
1132	1	1132.1	Approved	"Maverick 4.03""w x 1.60""h"	Embroidery		BD3	ncarroll	001180
1133	1	1133.1	Approved	"Rivendell Tree 4"" x 2.23"""	Embroidery		BAV	ncarroll	003294
1134	1	1134.1	Approved	"3 Years Service 2""w x 2""h"	Embroidery		B9I	mmintz	003101
1135	1	1135.1	Approved	Wildwood 4.52”w X 1.39”h	Embroidery		B7X	mmintz	002059
1136	1	1136.1	Approved	Arbor Safe 4.02”w X 3.44”h	Embroidery		B7S	mmintz	027089
1138	1	1138.1	Approved	"CVJC 4""w X 1.3""h"	Embroidery		B49	mmintz	000414
1139	1	1139.1	Approved	"Monster Tree 2.75""w X 1.13""h"	Embroidery		B2F - HAT	mmintz	002326
1140	1	1140.1	Approved	"ISA Certified 1.7""W x 2.53""H"	Embroidery		B2G	ncarroll	021048
1141	1	1141.1	Approved	"Matty O 2025 1.49""w X 2.2""h"	Embroidery		B2A	mmintz	025537
1045	1	1045.1	Approved	"Parterre Ecological 4"" X 2.75"""	Screen Print/Heat Transfer		RGM	vrowinsky	001425
1046	1	1046.1	Approved	"Js Tree Trimming 3.75""w X 3.9"""	Screen Print/Heat Transfer		REH	vrowinsky	015221
1047	1	1047.1	Approved	Timber Ridge 11”w X 4.91”h	Screen Print/Heat Transfer		S68	vrowinsky	012767
1048	1	1048.1	Approved	"Summit Landscape 3.25"" x 2.89"""	Screen Print/Heat Transfer		QWI	vrowinsky	001783
1049	1	1049.1	Approved	"Mitchell Tree Care 10"" x 2.45"""	Screen Print/Heat Transfer		QTD	vrowinsky	002309
1050	1	1050.1	Approved	"VanCuren Services 3.5""w x 1.65"	Screen Print/Heat Transfer		QQU	vrowinsky	001983
1051	1	1051.1	Approved	"Miller Tree 11""w x 4.5""h"	Screen Print/Heat Transfer		QQN	vrowinsky	002407
1052	1	1052.1	Approved	"Millertreeservice.com 11"" X 1"""	Screen Print/Heat Transfer		RP4	vrowinsky	002407
1053	1	1053.1	Approved	"Helix Linear Tech 4""w x 1""h"	Screen Print/Heat Transfer		QMY	vrowinsky	004411
1054	1	1054.1	Approved	"Helix We Move You 12"" x 7.5"""	Screen Print/Heat Transfer		QMZ	vrowinsky	004411
1055	1	1055.1	Approved	"Brightview 3""w x 1.05""h"	Screen Print/Heat Transfer		QMU	mmintz	000332
1056	1	1056.1	Approved	"Midhurst Tree Care 4"" x 1.26"""	Screen Print/Heat Transfer		QFP	vrowinsky	003547
1057	1	1057.1	Approved	"Midhurst Tree Care 11""w x 5.2"""	Screen Print/Heat Transfer		QWN	mmintz	003547
1058	1	1058.1	Approved	"Who Cut One 5""w x 3""h"	Screen Print/Heat Transfer		QB3	vrowinsky	000478
1059	1	1059.1	Approved	"Rainbow Tree Care 8""w x 4.87"""	Screen Print/Heat Transfer		QB7	mmintz	001527
1060	1	1060.1	Approved	"Colt Tree Service 15.5"" x 4.4"""	Screen Print/Heat Transfer		QB4	vrowinsky	000478
1061	1	1061.1	Approved	"Wright's Tree Svc 3.5""w x 1""h"	Screen Print/Heat Transfer		QAN	mmintz	002091
1062	1	1062.1	Approved	"Mile High Tree 12""w x 8.5""h"	Screen Print/Heat Transfer		Q6F	mmintz	002420
1063	1	1063.1	Approved	"Mile High Tree 4.2""w x 2.8""h"	Screen Print/Heat Transfer		Q6G	mmintz	002420
1064	1	1064.1	Approved	"KTI Tree Experts 3.5"" x 1.99"""	Screen Print/Heat Transfer		Q5J	vrowinsky	001047
1065	1	1065.1	Approved	"KTI Tree Experts 12.4""w x 1.9"""	Screen Print/Heat Transfer		Q5I	mmintz	001047
1066	1	1066.1	Approved	J Bill Landscaping 12 x 10.75	Screen Print/Heat Transfer		Q58	vrowinsky	000991
1067	1	1067.1	Approved	"J Bill Landscaping 4""w x 3.3""h"	Screen Print/Heat Transfer		Q59	vrowinsky	000991
1068	1	1068.1	Approved	"Arbor Ally Eastern 10""w x 10""h"	Screen Print/Heat Transfer		TAU	vrowinsky	002388
1069	1	1069.1	Approved	NCO Womens WRKSHP 3”w X 1.4”h	Screen Print/Heat Transfer		T8K	vrowinsky	002388
1070	1	1070.1	Approved	Arbor Ally Morton 10”w X 10”h	Screen Print/Heat Transfer		T8J	vrowinsky	002388
1071	1	1071.1	Approved	"CS Tree Services 12""w x 12.5""h"	Screen Print/Heat Transfer		Q3N	vrowinsky	000521
1072	1	1072.1	Approved	"CS Tree LC 4""w x 2""h"	Screen Print/Heat Transfer		Q3P	mmintz	000521
1073	1	1073.1	Approved	"Brightview Tree Care 3.5""w x 1"	Screen Print/Heat Transfer		Q2N	vrowinsky	000332
1074	1	1074.1	Approved	"Arbor Vantage 11""w x 3""h"	Screen Print/Heat Transfer		Q1A	mmintz	002186
1075	1	1075.1	Approved	"Arbor Vantage Tree 3.5""w x 1""h"	Screen Print/Heat Transfer		Q1B	vrowinsky	002186
1076	1	1076.1	Approved	"AMTOPP 2024 15"" w x 7"" h"	Screen Print/Heat Transfer		PCK	ncarroll	000122
1077	1	1077.1	Approved	A-Z Service (4 locations)	Screen Print/Heat Transfer		PBO **See Proof**	mmintz	028292
1078	1	1078.1	Approved	NYSA TCC 2024	Screen Print/Heat Transfer		PCC **See Proof**	mmintz	020662
1079	1	1079.1	Approved	Saluting Branches 25 Site Lead	Screen Print/Heat Transfer		PDK	vrowinsky	002165
1080	1	1080.1	Approved	"Arborwear Patch 2 3.5""w X 1.15"	Hat Press Heat Press		L12 - Leather Patch	mmintz	003101
1081	1	1081.1	Approved	Line Clearance Competition '25	Screen Print/Heat Transfer		PCZ - *SEE PROOF*	vrowinsky	001253
1082	1	1082.1	Approved	AMTOPP 2024	Screen Print/Heat Transfer		PCK - *SEE PROOF*	vrowinsky	000122
1083	1	1083.1	Approved	"Arbor Metrics 4""w x 1.8""h"	Hat Press Heat Press		GE8 - EMB PATCH	mmintz	002167
1084	1	1084.1	Approved	"Arbor Care Patch 2.3"" x 2.3"""	Hat Press Heat Press		GDF	vrowinsky	016968
1085	1	1085.1	Approved	"Tree Care New York 4"" x 1.84"""	Screen Print/Heat Transfer		G97	vrowinsky	001880
1087	1	1087.1	Approved	"Annapolis Tree 11""w x 3.32""h"	Screen Print/Heat Transfer		QXV	mmintz	000127
1088	1	1088.1	Approved	"Annapolis Tree 4.15""w x 4.15"""	Screen Print/Heat Transfer		G8B	vrowinsky	000127
1089	1	1089.1	Approved	"Utility Arborist 3""w x 3.9""h"	Screen Print/Heat Transfer		G6S	vrowinsky	002174
1090	1	1090.1	Approved	"Treesmiths 4C 3.75""w x 1.57""h"	Screen Print/Heat Transfer		R73	vrowinsky	020619
1091	1	1091.1	Approved	"Tree Care Nation 4""w x 1.84""h"	Screen Print/Heat Transfer		G99	mmintz	001880
1092	1	1092.1	Approved	"Hartford Truck 3.5""w X 0.9""h"	Screen Print/Heat Transfer		RFD	vrowinsky	000563
1093	1	1093.1	Approved	"Rec Lumberjack 10""w x 9.2""h"	Screen Print/Heat Transfer		G5H	vrowinsky	001541
1094	1	1094.1	Approved	Open Canopy 3.52”w X 1.53”h	Embroidery		BZF	vrowinsky	023227
1095	1	1095.1	Approved	"Rec Lumberjack 3.25""w x 1.25""h"	Screen Print/Heat Transfer		G5G	mmintz	001541
1098	1	1098.1	Approved	Connecticut Clg 1.79”w X 2”h	Embroidery		BWG - HAT	mmintz	012930
1099	1	1099.1	Approved	Arborwear Script 4.02”w X 1.14	Embroidery		BXX - HAT	vrowinsky	003101
1100	1	1100.1	Approved	Monarch Leadership 2.96 X 3.75	Embroidery		BW1	vrowinsky	002256
1101	1	1101.1	Approved	Weinstein 3.02”w X 2.02”h	Embroidery		BVK - HAT	vrowinsky	002377
1102	1	1102.1	Approved	"PSA Philmont 2.07” X 2.03"""	Embroidery		BTF - HAT	vrowinsky	001450
1103	1	1103.1	Approved	"Affordable Tree 3.98”w X 2.03"""	Embroidery		BMV	vrowinsky	000061
1104	1	1104.1	Approved	"Russell Tree 3.75""w x 1""h"	Embroidery		BMT	vrowinsky	001619
1105	1	1105.1	Approved	Tree Works 3.51”w X 1.94”h	Embroidery		BMF	vrowinsky	024961
1106	1	1106.1	Approved	Logrite HAT 3.76”w X 1.52”h	Embroidery		BM3 - HAT	vrowinsky	001130
1107	1	1107.1	Approved	IES 4.01”w X 1.88”h	Embroidery		BL4	vrowinsky	036967
1108	1	1108.1	Approved	Wind Thin 4”w X 1.81”h	Embroidery		BL3	vrowinsky	002416
1109	1	1109.1	Approved	Oster Services 3.02”w X 3.02”h	Embroidery		BKZ	vrowinsky	000885
1110	1	1110.1	Approved	SavATree BC PHC 3.22”w X 2.11”	Embroidery		BKH - HAT	vrowinsky	002398
1111	1	1111.1	Approved	"Debby Helene 2024 2.25""w 2.23"""	Hat Press Heat Press		GDX	vrowinsky	002102
1112	1	1112.1	Approved	SavATree NYE  4”w X 2.39”h	Embroidery		BJP	vrowinsky	002398
1113	1	1113.1	Approved	"Arborwear 2.5""w x 0.87""h"	Embroidery		BJ8 - HAT	vrowinsky	003101
1114	1	1114.1	Approved	"Crane Rental Serv 4”w X 1.86"""	Embroidery		BIU	vrowinsky	001610
1115	1	1115.1	Approved	RTEC Treecare 4”w X 1.89”h	Embroidery		BIT	vrowinsky	001610
1000	1	1000.1	Approved	Wood Wise 11”w X 8.12”h	Screen Print/Heat Transfer		SDR	vrowinsky	002086
1001	1	1001.1	Approved	Wood Wise 3.5”w X 2.58”h	Screen Print/Heat Transfer		SDK	vrowinsky	002086
1002	1	1002.1	Approved	Wood Wise 11”w X 8.12”h	Screen Print/Heat Transfer		SDP	mmintz	002086
1003	1	1003.1	Approved	"Asplundh Region 172  4” X 1.2"""	Screen Print/Heat Transfer		SAT	vrowinsky	002127
1004	1	1004.1	Approved	"Tree133 8""w x 11""h"	Screen Print/Heat Transfer		QYI	mmintz	012121
1005	1	1005.1	Approved	Tree133 1C 3”w X 1.43”h	Screen Print/Heat Transfer		S75	vrowinsky	012121
1006	1	1006.1	Approved	Tree Walker 9”w X 4.61”h	Screen Print/Heat Transfer		S6N	vrowinsky	029830
1008	1	1008.1	Approved	Northern Clearing 4”w X 1”h	Screen Print/Heat Transfer		S66	vrowinsky	001338
1009	1	1009.1	Approved	"Northern Clearing 11” X 3.22"""	Screen Print/Heat Transfer		S67	vrowinsky	001338
1010	1	1010.1	Approved	Smart Connect 3.5”w X 1.89”h	Screen Print/Heat Transfer		SS3	vrowinsky	001338
1011	1	1011.1	Approved	DJ's Trees 7”w X 5.5”h	Screen Print/Heat Transfer		SN8 - HVSA	vrowinsky	000588
1012	1	1012.1	Approved	Keller 1C 4.25”w X 1.21”h	Screen Print/Heat Transfer		S5K	vrowinsky	004844
1013	1	1013.1	Approved	Keller 3”w X 1.58”h	Screen Print/Heat Transfer		SJ4	vrowinsky	004844
1014	1	1014.1	Approved	Wilder Tree 4”w X 1.26”h	Screen Print/Heat Transfer		S52	vrowinsky	028000
1015	1	1015.1	Approved	Wilder Tree 11”w X 5.57”h	Screen Print/Heat Transfer		S53	vrowinsky	028000
1016	1	1016.1	Approved	New Mexico CVA 3”w X 3”h	Screen Print/Heat Transfer		S3H	mmintz	002397
1017	1	1017.1	Approved	Tree House  4”w X 1.20”h	Screen Print/Heat Transfer		S1P	vrowinsky	027044
1018	1	1018.1	Approved	Tree House 6.27”w X 10”h	Screen Print/Heat Transfer		S1Q	mmintz	027044
1019	1	1019.1	Approved	Plant Concepts 4”w X 1.35”h	Screen Print/Heat Transfer		S1M	vrowinsky	026887
1020	1	1020.1	Approved	East Meadows 3.5”w X 2.2”h	Screen Print/Heat Transfer		RY3	mmintz	025842
1021	1	1021.1	Approved	Plant Concepts 9.5”w X 8”h	Screen Print/Heat Transfer		S1N	ncarroll	026887
1022	1	1022.1	Approved	East Meadow 7”w X 5.75”h	Screen Print/Heat Transfer		RY4 - HVSA	vrowinsky	025842
1023	1	1023.1	Approved	Terry Tree HSVA 7”w X 6.85”h	Screen Print/Heat Transfer		RXR	mmintz	014905
1024	1	1024.1	Approved	"Arborwear 3.5""w x 1.13""h"	Screen Print/Heat Transfer		RX6	vrowinsky	003101
1025	1	1025.1	Approved	"AEP Ohio 2.25""w x 1.5""h"	Screen Print/Heat Transfer		RY2	ncarroll	000113
1027	1	1027.1	Approved	4 Out of 5 Doctors 8.57”w X 11	Screen Print/Heat Transfer		SE7	mmintz	003101
1028	1	1028.1	Approved	Serrano 3.5”w X 2.75”h	Screen Print/Heat Transfer		RW7	vrowinsky	012199
1029	1	1029.1	Approved	"Rivendell 4""W X 2.18""h"	Screen Print/Heat Transfer		RUP	ncarroll	003294
1030	1	1030.1	Approved	Serrano 10”w X 7.87”h	Screen Print/Heat Transfer		RW8	mmintz	012199
1031	1	1031.1	Approved	"Pro Tree Service 11""w x 3.7""h"	Screen Print/Heat Transfer		RT5	mmintz	021686
1032	1	1032.1	Approved	"Titan Arbor Care 3.5""w x 3.1""h"	Screen Print/Heat Transfer		RS4	vrowinsky	002370
1033	1	1033.1	Approved	"Titan Arbor 10.5""w X 12.05""h"	Screen Print/Heat Transfer		RS5	mmintz	002370
1034	1	1034.1	Approved	"The Cutting Edge 4""w x 1.4""h"	Screen Print/Heat Transfer		RRV	mmintz	021490
1035	1	1035.1	Approved	Cutting Edge 7”w X 2.36”h	Screen Print/Heat Transfer		SGY	mmintz	021490
1036	1	1036.1	Approved	"Ahlum & Arbor 10""w X 7.4""h"	Screen Print/Heat Transfer		RRL	mmintz	000065
1037	1	1037.1	Approved	"Ahlum & Arbor 3.5""w X 1.7""h"	Screen Print/Heat Transfer		"RRF -""small logo"""	vrowinsky	000065
1038	1	1038.1	Approved	"Outdoor Pride 7"" x 6.78"""	Screen Print/Heat Transfer		RQX	mmintz	001393
1039	1	1039.1	Approved	"Antietam Tree & Turf 4"" X 1.54"	Screen Print/Heat Transfer		RP1	mmintz	000129
1040	1	1040.1	Approved	Engineered Recycling 3.5 X 4.1	Screen Print/Heat Transfer		RNU	vrowinsky	000648
1041	1	1041.1	Approved	Engineered Recycling 8.5x8.45	Screen Print/Heat Transfer		RXV	vrowinsky	000648
1042	1	1042.1	Approved	"Leimeister Crane 4""w X 1.7""h"	Screen Print/Heat Transfer		RKL	vrowinsky	001107
1043	1	1043.1	Approved	"Emerald Tree Care 3.5""w X 1.3"""	Screen Print/Heat Transfer		RIW	vrowinsky	000643
1044	1	1044.1	Approved	"Emerald Tree Care 11""w X 4""h"	Screen Print/Heat Transfer		RIX	vrowinsky	000643
980	1	980.1	Approved	TCIA 4”w X 1.13”h	Screen Print/Heat Transfer		SL6	vrowinsky	001817
981	1	981.1	Approved	"Bartlett Research 4”w x 1.57""h"	Screen Print/Heat Transfer		SKP	vrowinsky	002385
982	1	982.1	Approved	Accent Landscapes 4”w X 2.04”h	Screen Print/Heat Transfer		SJQ	vrowinsky	002121
983	1	983.1	Approved	Green Tree Ontario 4”w X 3.32”	Screen Print/Heat Transfer		SJI	vrowinsky	030245
984	1	984.1	Approved	Green Tree Ontario 10” X 10.55	Screen Print/Heat Transfer		SJJ	vrowinsky	030245
985	1	985.1	Approved	Green Tree Flag 3”w X 1.50”h	Screen Print/Heat Transfer		SJK	vrowinsky	030245
986	1	986.1	Approved	"Monarch Leadership 4”w X 3.33"""	Screen Print/Heat Transfer		SJH	vrowinsky	002256
987	1	987.1	Approved	Lawn Boyz 3.75”w X 1.92”h	Screen Print/Heat Transfer		SIT	vrowinsky	020655
988	1	988.1	Approved	Dynaserv 3”w X 0.64”h	Screen Print/Heat Transfer		SIQ	vrowinsky	020655
989	1	989.1	Approved	Johnson 3.5”w X 3.56”h	Screen Print/Heat Transfer		SIE	vrowinsky	001018
990	1	990.1	Approved	Johnson 10”w X 11.94”h	Screen Print/Heat Transfer		SIF	vrowinsky	001018
991	1	991.1	Approved	"Gemstone Memorials  4” X 1.43"""	Screen Print/Heat Transfer		SHY	vrowinsky	035520
992	1	992.1	Approved	"Campo (1C) 12""w x 3.1""h"	Screen Print/Heat Transfer		SHS	vrowinsky	000367
993	1	993.1	Approved	Ottawa Landscapes 3”w X 3”h	Embroidery		SG8	vrowinsky	035419
994	1	994.1	Approved	Ottawa Landscapes 10”w X 10”h	Screen Print/Heat Transfer		SG9	vrowinsky	035419
995	1	995.1	Approved	Destito 4”w X .90”h	Screen Print/Heat Transfer		SFN	vrowinsky	000577
997	1	997.1	Approved	Dekorte's Maintenance 4” X 1.7	Screen Print/Heat Transfer		SFH	vrowinsky	034944
998	1	998.1	Approved	Dekorte's Mainten 11 X 4.68	Screen Print/Heat Transfer		SFI	vrowinsky	034944
999	1	999.1	Approved	Wood Wise 3.5”w X 2.58”h	Screen Print/Heat Transfer		SDQ	vrowinsky	002086
907	1	907.1	Approved	"Chagrin Falls 4.69""w x 2.25""h"	Embroidery		AU3	vrowinsky	000417
908	1	908.1	Approved	"Rainbow Eco Icon 2.6""w x 2.25"""	Embroidery		AQM	vrowinsky	001527
909	1	909.1	Approved	"Parterre Garden 3.5""w x 2.46""h"	Embroidery		AL5	vrowinsky	001425
910	1	910.1	Approved	"Antietam Tree & Turf 4"" x 1.54"	Embroidery		AH6	vrowinsky	000129
911	1	911.1	Approved	"Stonewood Design 3.5""w x 1.76"""	Embroidery		AFQ	vrowinsky	001767
912	1	912.1	Approved	"Wolf 3.51""w x 3.52""h"	Embroidery		AFD	vrowinsky	002388
913	1	913.1	Approved	Town of Madison 3.5”w X 3.5”h	Embroidery		BPK	vrowinsky	015888
914	1	914.1	Approved	"Wickes Arborist 2.5""w x .73""h"	Embroidery		ADJ	vrowinsky	002388
915	1	915.1	Approved	"Tree Care of NY 4""w x 1.86""h"	Embroidery		AAW	vrowinsky	001880
916	1	916.1	Approved	"Tree Tech 3.49"" w X 2.09"" h"	Embroidery		AAX	ncarroll	001911
917	1	917.1	Approved	"Row Care Safety 3""w x 1.09""h"	Embroidery		A9E	mmintz	002121
918	1	918.1	Approved	"Sports Grass 3.5""w x .55""h"	Embroidery		AA4	vrowinsky	000717
919	1	919.1	Approved	"NESS Automotive 3.5""w X 3.66""h"	Embroidery		AVL	ncarroll	001801
920	1	920.1	Approved	"Rainbow Holiday 3.5""w x 2""h"	Embroidery		A91	mmintz	001527
921	1	921.1	Approved	"Rainbow Companies 3.3” X 0.94"""	Embroidery		BJE	vrowinsky	001527
922	1	922.1	Approved	Rainbow Companies  2.5”w X 2.6	Embroidery		BJF	ncarroll	001527
923	1	923.1	Approved	"Arborscapes 3.98""w x 1.17""h"	Embroidery		A28	mmintz	000183
924	1	924.1	Approved	"Lasalle Radiation 3.34"" x 3.5"""	Embroidery		A7D	vrowinsky	000674
925	1	925.1	Approved	XKIG 3.5”w X 1.35”h	Screen Print/Heat Transfer		TBP	mmintz	002102
926	1	926.1	Approved	"AEP Ohio  3.24""w x 2.81""h"	Embroidery		A1H	vrowinsky	000113
927	1	927.1	Approved	One Asplundh 2”w X 1.32”h	Screen Print/Heat Transfer		TAY - Grey White/Left chest print	ncarroll	002127
928	1	928.1	Approved	"Arbor Masters 6”w X 2.21""h"	Screen Print/Heat Transfer		T9Z - Tree Tech	vrowinsky	001175
929	1	929.1	Approved	Arborwear - Infant 4” X 1.32”	Screen Print/Heat Transfer		T9U	ncarroll	003101
930	1	930.1	Approved	XKIG 4”w X 1.57”h	Screen Print/Heat Transfer		T92	ncarroll	002102
931	1	931.1	Approved	"Bratfest 2025 3.5""w x 3.2""h"	Screen Print/Heat Transfer		T8Y	vrowinsky	003101
932	1	932.1	Approved	Bratfest 11”w X 9.81”h	Screen Print/Heat Transfer		T8Z	vrowinsky	003101
933	1	933.1	Approved	CMC North America 3.5”w X 1.18	Screen Print/Heat Transfer		T88	mmintz	042313
934	1	934.1	Approved	CMC North America 11”w X 3.71”	Screen Print/Heat Transfer		T89	mmintz	042313
935	1	935.1	Approved	Wilmington P&R 8”w x 1.69”h	Screen Print/Heat Transfer		T71	mmintz	041767
936	1	936.1	Approved	Weinstein 10”w X 6.62”h	Screen Print/Heat Transfer		T63	mmintz	002377
938	1	938.1	Approved	Edwards Tree 7”w X 9.02”h	Screen Print/Heat Transfer		T2V - HVSA	vrowinsky	000632
939	1	939.1	Approved	Mead Tree & Turf 3”w X 0.99”h	Screen Print/Heat Transfer		T2T	mmintz	001191
940	1	940.1	Approved	Deer Guys 2C 3.5”w X 0.58”h	Screen Print/Heat Transfer		T1H	vrowinsky	002398
941	1	941.1	Approved	Barrett Tree 3.29”w X 4”h	Screen Print/Heat Transfer		T24	mmintz	000239
942	1	942.1	Approved	CWLP Sleeve 3.5”w X 1.27”h	Screen Print/Heat Transfer		T15	mmintz	000449
943	1	943.1	Approved	CWLP  4”w X 1.93”h	Screen Print/Heat Transfer		SZS	vrowinsky	000449
944	1	944.1	Approved	CWLP - Long Sleeve 2.06”w X 13	Screen Print/Heat Transfer		T16	mmintz	000449
945	1	945.1	Approved	Lovering Tree Care 11”w X 8”h	Screen Print/Heat Transfer		SZR	vrowinsky	000257
946	1	946.1	Approved	Lovering 4”w X 2.82”h	Screen Print/Heat Transfer		SZQ	mmintz	000257
947	1	947.1	Approved	Monarch 4”w x 1.99”h	Screen Print/Heat Transfer		SYD	mmintz	020655
948	1	948.1	Approved	SavATree Aspen 7”w X 8”h	Screen Print/Heat Transfer		SUF - HVSA	vrowinsky	002398
949	1	949.1	Approved	Apex Tree 3.5”w X 3.5”h	Screen Print/Heat Transfer		STZ	ncarroll	000521
950	1	950.1	Approved	Devil's Trucking 4”w X 3.08”h	Screen Print/Heat Transfer		STF	mmintz	001264
951	1	951.1	Approved	Apex Tree 10”w X 10”h	Screen Print/Heat Transfer		SU1	ncarroll	000521
952	1	952.1	Approved	"Townsend 3"" w x 1.52"" h"	Screen Print/Heat Transfer		SQZ	ncarroll	002121
953	1	953.1	Approved	Arborwear 0.89”w X 6”h	Screen Print/Heat Transfer		SSS	vrowinsky	001183
954	1	954.1	Approved	Arborwear 5”w X 1.71”h	Screen Print/Heat Transfer		SR9	mmintz	001183
955	1	955.1	Approved	Swartz Pipeline 3.5”w X 2.46”h	Screen Print/Heat Transfer		SQY	ncarroll	002121
956	1	956.1	Approved	MVRC Mayfield 11”w X 4.4”h	Screen Print/Heat Transfer		SR6	vrowinsky	001183
957	1	957.1	Approved	Petty Group 5”w X 3.24”h	Screen Print/Heat Transfer		SQM	mmintz	001264
958	1	958.1	Approved	Spot On Site 4”w X 1.57”h	Screen Print/Heat Transfer		SQ8	vrowinsky	001264
959	1	959.1	Approved	"Petty Group 11""w x 3.14""h"	Screen Print/Heat Transfer		SQP	mmintz	001264
960	1	960.1	Approved	Spot On Site 11”w X 1.83”h	Screen Print/Heat Transfer		SQC	ncarroll	001264
962	1	962.1	Approved	BrightView  7”w X 2.47”h	Screen Print/Heat Transfer		SQ3	ncarroll	000332
963	1	963.1	Approved	Mr. Excavator 9”w X 2.1”h	Screen Print/Heat Transfer		SQ7	vrowinsky	001264
965	1	965.1	Approved	Empire Landscape 11”w X 3.47”h	Screen Print/Heat Transfer		SPW	mmintz	037597
966	1	966.1	Approved	Woodman 5”w X 0.93”h	Screen Print/Heat Transfer		SPT	vrowinsky	002083
967	1	967.1	Approved	Empire Landscape 4”w X 1.26”h	Screen Print/Heat Transfer		SPV	mmintz	037597
968	1	968.1	Approved	Woodman 5”w X 4.85”h	Screen Print/Heat Transfer		SPU	ncarroll	002083
969	1	969.1	Approved	Thomas J Tree 3.5”w X 2.83”h	Screen Print/Heat Transfer		SNN	mmintz	005492
970	1	970.1	Approved	Midwest Tree 3”w X 3.13”h	Screen Print/Heat Transfer		SP4	ncarroll	001221
971	1	971.1	Approved	Wind Thin 4”w X 1.66”h	Screen Print/Heat Transfer		SNJ	mmintz	002416
972	1	972.1	Approved	Wind Thin 2C 12”w X 4.98”h	Screen Print/Heat Transfer		SNP	vrowinsky	002416
973	1	973.1	Approved	Wind Thin 12”w X 4.98”h	Screen Print/Heat Transfer		SNK	mmintz	002416
974	1	974.1	Approved	"Tree Care Partners 3.5” X .85"""	Screen Print/Heat Transfer		SMI	mmintz	037021
976	1	976.1	Approved	"Wawarsing Water & Sewer 7”X 7"""	Screen Print/Heat Transfer		SM5	mmintz	022388
978	1	978.1	Approved	Nestlerode 4”w X 2.84”h	Screen Print/Heat Transfer		SLM	vrowinsky	001295
979	1	979.1	Approved	Nestlerode 12”w X 7.40”h	Screen Print/Heat Transfer		SLN	vrowinsky	001295
860	1	860.1	Approved	Keystone - Mike  (HVSA & Non)	Screen Print/Heat Transfer		"""Proof Part"" - Logos combined"	vrowinsky	001057
861	1	861.1	Approved	Joshua Tree TCI 24	Screen Print/Heat Transfer		PCF - Combined Logos	vrowinsky	002938
862	1	862.1	Approved	"Get Cut Arborwear 3.5"" x 1.35"	Hat Press Heat Press		L1A - Leather Patch	vrowinsky	003101
863	1	863.1	Approved	"Go Climb 3.5""w x 2.04""h"	Hat Press Heat Press		GEE	vrowinsky	003101
864	1	864.1	Approved	"Bartlett Shield 5.43""w x 7""h"	Screen Print/Heat Transfer		GDA - Vinyl Sticker	vrowinsky	002385
865	1	865.1	Approved	"Trees Are Good 3.5""w x 1.95""h"	Screen Print/Heat Transfer		GB4	vrowinsky	021048
866	1	866.1	Approved	"Utility Arborist 2C 3""w X 3.91"	Screen Print/Heat Transfer		G6Q	vrowinsky	002174
867	1	867.1	Approved	"SCA 1.6""w x 2.4""h"	Screen Print/Heat Transfer		G5P	vrowinsky	034240
868	1	868.1	Approved	"Ind Plumbing 2""w x 2.75""h"	Screen Print/Heat Transfer		G3E	vrowinsky	000949
869	1	869.1	Approved	One Asplundh 2.02”w X 1.42”h	Embroidery		BXQ - Hollow	vrowinsky	002127
870	1	870.1	Approved	Sky Quest 1.5”w X 1.17”h	Embroidery		BW9 - HAT	vrowinsky	012939
871	1	871.1	Approved	"SAT Sussex 2.52”w X 1.69""h"	Embroidery		BTC - HAT	vrowinsky	002398
872	1	872.1	Approved	Phillips & Jordan 3.02” X 2.13	Embroidery		BUS - HAT	mmintz	001448
873	1	873.1	Approved	Swartz Pipeline 3.52”w X 1.17”	Embroidery		BMX	mmintz	002121
874	1	874.1	Approved	Bristol Aggie 3.75”w X 3.75”h	Embroidery		BMD	mmintz	000335
875	1	875.1	Approved	"New Hampshire 3.51""w x 1.41""h"	Embroidery		BP1	vrowinsky	001308
876	1	876.1	Approved	Covered Bridge 3.5”w X 3.5”h	Embroidery		BLN	mmintz	011955
877	1	877.1	Approved	ArborJet 3.01”w X 2.06”h	Embroidery		BKP - HAT	vrowinsky	000166
878	1	878.1	Approved	SavATree BC PHC 3.32”w X 2.54”	Embroidery		BKD	mmintz	002398
879	1	879.1	Approved	Kendall 2.76”w X 0.59”h	Embroidery		BKB - HAT	vrowinsky	040037
880	1	880.1	Approved	Xylem 2.76”w X 0.62”h	Embroidery		BKA - HAT	vrowinsky	002102
881	1	881.1	Approved	"Rainbow Pests 2.51”w X 1.3""h"	Embroidery		BIB - HAT	vrowinsky	001527
882	1	882.1	Approved	406 Landscapes 3.70”w X 2.01”h	Embroidery		BH7 - HAT	vrowinsky	000021
883	1	883.1	Approved	Ind Plumbing 1.65”w X 2.13”h	Embroidery		BGM - HAT	vrowinsky	000949
884	1	884.1	Approved	"Playground Grass 3.5”w X 1.08"""	Embroidery		BFT	vrowinsky	000717
885	1	885.1	Approved	SavATree Cordwin 4”w X 3.17”h	Embroidery		BFL	vrowinsky	002398
886	1	886.1	Approved	Lawns Unlimited 4”w X 2.04”h	Embroidery		BFE	vrowinsky	002398
887	1	887.1	Approved	"Monarch True North 3.5"" x 3.29"	Embroidery		BET	vrowinsky	002256
888	1	888.1	Approved	"SAT Arborscapes 3.11""w x 2.03"""	Embroidery		HAT	vrowinsky	002398
889	1	889.1	Approved	"Maverick Environ 4.02"" x 1.61"""	Embroidery		BD2	vrowinsky	001180
890	1	890.1	Approved	Tree Care Partners 3.53” X .87	Embroidery		BAE	vrowinsky	001911
891	1	891.1	Approved	"Arbor Tree 2.5”w X 1.06""h"	Embroidery		B8Y - HAT	mmintz	002387
892	1	892.1	Approved	Monarch Enviro 3.5”w X 3.30”h	Embroidery		BA1	vrowinsky	002256
893	1	893.1	Approved	Monarch Texscape 3.5”w X 2.91”	Embroidery		B8H	mmintz	020655
894	1	894.1	Approved	Burford's Tree 1.97”w X 2.02”h	Embroidery		B82 - HAT	vrowinsky	026167
895	1	895.1	Approved	McCausland LC 3.5” X 2.64”	Embroidery		B7E	mmintz	026639
896	1	896.1	Approved	Cle Metroparks Zoo 3.5” X 2.52	Embroidery		B73	vrowinsky	000461
897	1	897.1	Approved	"Lorain County Met 1.7""w x 3""h"	Embroidery		B39	mmintz	001135
898	1	898.1	Approved	"Urban Forestry 4""w X 1.3""h"	Embroidery		B25	vrowinsky	002385
899	1	899.1	Approved	"O'Connell Prop 3.43""w X 2.34""h"	Embroidery		AZG	mmintz	001361
900	1	900.1	Approved	"Monarch MI 2.3""w X 2.54""h"	Embroidery		AZ3 - HAT	vrowinsky	020655
901	1	901.1	Approved	"Independent Tree 4.5""w X 1.23"""	Embroidery		AXA	vrowinsky	000950
902	1	902.1	Approved	"Ahlum & Arbor 3""w X 2.24""h"	Embroidery		AX4	mmintz	000065
903	1	903.1	Approved	"Landscape unlimited 2.5"" X 1.8"	Embroidery		AW8	vrowinsky	002121
904	1	904.1	Approved	"BRIAN-KYLES 3.5""w X 1.13""h"	Embroidery		AVI	vrowinsky	000328
905	1	905.1	Approved	"Vermilion 3.5""w X 0.97""h"	Embroidery		AUE	vrowinsky	000632
906	1	906.1	Approved	"Seattle Tree 3.77"" x 1.12"""	Embroidery		ATA	vrowinsky	001664
825	1	825.1	Approved	"Arborist Enterprises 7""w x 5.9"	Screen Print/Heat Transfer		RJZ	vrowinsky	000160
826	1	826.1	Approved	"A-Star 12""w X 11""h"	Screen Print/Heat Transfer		R9R	ncarroll	002440
827	1	827.1	Approved	"A-Star 3.75""w x 3.44""h"	Screen Print/Heat Transfer		QR8	vrowinsky	002440
828	1	828.1	Approved	"WRLC Staff 2C 4""w x 5""h"	Screen Print/Heat Transfer		QLE	vrowinsky	002045
829	1	829.1	Approved	"Parterre Garden 11"" x 2.28"""	Screen Print/Heat Transfer		QKV	ncarroll	001425
830	1	830.1	Approved	"Parterre Garden 2.6""w x 3.05""h"	Screen Print/Heat Transfer		QKX	mmintz	001425
831	1	831.1	Approved	"WRLC 11.5""w x 12.1.""h"	Screen Print/Heat Transfer		QLF	vrowinsky	002045
835	1	835.1	Approved	"Gill Tree Care 4.00""w x 1.46""h"	Screen Print/Heat Transfer		QJW	mmintz	002483
836	1	836.1	Approved	"Gill Tree Care 11""w x 12.7""h"	Screen Print/Heat Transfer		QJX	mmintz	002483
837	1	837.1	Approved	"Arbor Masters 3.75"" x 2.25"""	Screen Print/Heat Transfer		QIR	ncarroll	000172
838	1	838.1	Approved	"Tree Pro Chest 4""w x 1.12""h"	Screen Print/Heat Transfer		QI5	mmintz	004419
839	1	839.1	Approved	"Tree Pro 9.00"" w x 2.51"" h"	Screen Print/Heat Transfer		QI6	ncarroll	004419
840	1	840.1	Approved	"Campo 1""w x 14.3""h"	Screen Print/Heat Transfer		QNR	mmintz	000367
841	1	841.1	Approved	"Tall Timbers 4"" x 1.7"""	Screen Print/Heat Transfer		QF6	ncarroll	004046
842	1	842.1	Approved	"Seattle Tree 9.5""w x 9.75""h"	Screen Print/Heat Transfer		QF8	mmintz	001664
843	1	843.1	Approved	"IVM Solutions 12""w x 3.4""h"	Screen Print/Heat Transfer		QKM	vrowinsky	004370
844	1	844.1	Approved	"Caretaker Landscape 4""w X 1""h"	Screen Print/Heat Transfer		QFA	mmintz	000382
846	1	846.1	Approved	"Caretaker Landscape 12"" X 12"""	Screen Print/Heat Transfer		QFB	mmintz	000382
847	1	847.1	Approved	"Treeworks MI HVSA 10""w X 3.4""h"	Screen Print/Heat Transfer		RHJ	mmintz	001919
848	1	848.1	Approved	"Treeworks Clearing 4""w x 1.38"""	Screen Print/Heat Transfer		QE5	vrowinsky	001919
849	1	849.1	Approved	"SCA Gulf Corps 9.98""w X 17""h"	Screen Print/Heat Transfer		RCI	ncarroll	034240
850	1	850.1	Approved	"Forest Preserves 3.5""w x 1.74"""	Screen Print/Heat Transfer		SHA	mmintz	002118
851	1	851.1	Approved	"Bellingham Parks 2.25""w x 3""h"	Screen Print/Heat Transfer		QV6	vrowinsky	000261
852	1	852.1	Approved	"RTT Heating & Cooling 4"" x 1.5"	Screen Print/Heat Transfer		Q8C	vrowinsky	002456
853	1	853.1	Approved	"RTT H&C 12""w x 6.31""h"	Screen Print/Heat Transfer		Q8B	mmintz	002456
854	1	854.1	Approved	"Parks Tree 3""w x .61""h"	Screen Print/Heat Transfer		Q7C	vrowinsky	004572
855	1	855.1	Approved	"Eager Beaver Tree 13""w x 6.9""h"	Screen Print/Heat Transfer		Q44	vrowinsky	002587
856	1	856.1	Approved	"Parks Tree 12"" w x 2.85"" h"	Screen Print/Heat Transfer		Q7B	ncarroll	004572
857	1	857.1	Approved	"Basset Inc. HSVA 7"" x 7.43"""	Screen Print/Heat Transfer		RYZ	vrowinsky	000241
858	1	858.1	Approved	SCHRA Tree Care	Screen Print/Heat Transfer		PDL	ncarroll	001654
859	1	859.1	Approved	"Eager Beaver 3.5""w x 2.9""h"	Screen Print/Heat Transfer		Q43	vrowinsky	002587
747	1	747.1	Approved	"Catts Construction 11” X 2.63"""	Screen Print/Heat Transfer		SRJ	vrowinsky	037865
748	1	748.1	Approved	Swartz Mowing 3.5”w X 2.45”h	Screen Print/Heat Transfer		SQX	vrowinsky	002121
749	1	749.1	Approved	Let ME Do It 11”w X 2.8”h	Screen Print/Heat Transfer		SQ8	vrowinsky	001264
750	1	750.1	Approved	Mr. Excavator 11”w X 2.57”h	Screen Print/Heat Transfer		SQ9	vrowinsky	001264
751	1	751.1	Approved	Riggs Tree 4”w X 2.21”h	Screen Print/Heat Transfer		SNX	vrowinsky	026837
752	1	752.1	Approved	Riggs Tree 11”w X 6.08”h	Screen Print/Heat Transfer		SNY	vrowinsky	026837
753	1	753.1	Approved	ArborForce Tree 12”w X 2.70”h	Screen Print/Heat Transfer		SNH	vrowinsky	010158
754	1	754.1	Approved	ArborForce 10”w X 2.26”h	Screen Print/Heat Transfer		SNI	mmintz	036614
755	1	755.1	Approved	SavATree General 4”w X 2.94”h	Screen Print/Heat Transfer		SNB	mmintz	002398
756	1	756.1	Approved	N&D Tree 8.69”w X 12”h	Screen Print/Heat Transfer		SLW	vrowinsky	010954
757	1	757.1	Approved	SavATree Alpine T4 4”w X 3.05”	Screen Print/Heat Transfer		SLQ	mmintz	002398
758	1	758.1	Approved	ALL Crane Safety 3.75”w X 2.08	Screen Print/Heat Transfer		SKB	mmintz	000081
759	1	759.1	Approved	Earthworks 4”w X 1.54”h	Screen Print/Heat Transfer		SJR	vrowinsky	036201
760	1	760.1	Approved	Earthworks 11”w X 4.29”h	Screen Print/Heat Transfer		SJS	vrowinsky	036201
761	1	761.1	Approved	ALL Work Safety 3.5”w X 3.5”h	Screen Print/Heat Transfer		SKC	mmintz	000081
762	1	762.1	Approved	"Hudson Explorers 10.5” X 4.36"""	Screen Print/Heat Transfer		SJM	vrowinsky	002377
763	1	763.1	Approved	"Townsend SF 4""w x 2.94""h"	Screen Print/Heat Transfer		SJ6	mmintz	002121
764	1	764.1	Approved	Pennswood 3.75”w X 2.02”h	Screen Print/Heat Transfer		SHX	vrowinsky	035877
765	1	765.1	Approved	Casey Trees 4”w X 3.40”h	Screen Print/Heat Transfer		SHL	vrowinsky	000391
766	1	766.1	Approved	Six Diamonds  4”w X 1.41”h	Screen Print/Heat Transfer		SG5	vrowinsky	009228
767	1	767.1	Approved	Heartwood 4”w X 1.76”h	Screen Print/Heat Transfer		SGA	mmintz	000870
768	1	768.1	Approved	Six Diamonds 11”w X 9.86”h	Screen Print/Heat Transfer		SG6	vrowinsky	009228
769	1	769.1	Approved	Left Sleeve Flag 3”w X 1.85”h	Screen Print/Heat Transfer		SG7	ncarroll	009228
770	1	770.1	Approved	Zielies 3C 4”w X 3.03”h	Screen Print/Heat Transfer		SFR	mmintz	002111
771	1	771.1	Approved	Zielies (3C) 11”w X 3.49”h	Screen Print/Heat Transfer		SFS	vrowinsky	001338
772	1	772.1	Approved	Walnut Tree 3.5”w X 2.60”h	Screen Print/Heat Transfer		SFJ	mmintz	020949
773	1	773.1	Approved	Walnut Tree 11”w X 8.18”h	Screen Print/Heat Transfer		SFK	vrowinsky	020949
774	1	774.1	Approved	"Walnut Tree-Eagle 3.5” X 2.73"""	Screen Print/Heat Transfer		SGE	vrowinsky	020949
775	1	775.1	Approved	Branch Manager 10”w X 7.35”h	Screen Print/Heat Transfer		SDY	vrowinsky	003101
776	1	776.1	Approved	ForeverLawn 3”w X 13”h	Screen Print/Heat Transfer		SCM	vrowinsky	000717
777	1	777.1	Approved	Wolff Tree 7”w X 4.65”h	Screen Print/Heat Transfer		SCF	vrowinsky	002074
778	1	778.1	Approved	"Ryan Lawn 3.5""w x 2.03""h"	Screen Print/Heat Transfer		SBY *Match Navy to Garment*	mmintz	002337
779	1	779.1	Approved	"Russell Tree 11”w X 2.9""h"	Screen Print/Heat Transfer		TAL	vrowinsky	001619
780	1	780.1	Approved	"WR Lightning Guys 7""w x 4.65""h"	Screen Print/Heat Transfer		S9A - HVSA	vrowinsky	032235
781	1	781.1	Approved	"Old Growth Tree 3.5""w x 3.4""h"	Screen Print/Heat Transfer		S99	vrowinsky	002360
782	1	782.1	Approved	Old Growth Tree 10”w X 9.74”h	Screen Print/Heat Transfer		RWD	vrowinsky	002360
783	1	783.1	Approved	"Water City Lights 4""w x 3.98""h"	Screen Print/Heat Transfer		S6V	vrowinsky	000449
784	1	784.1	Approved	"CWLP 11""w x 3.51""h"	Screen Print/Heat Transfer		S6W	vrowinsky	000449
785	1	785.1	Approved	DJ's Tree 3”w X 2.11”h	Screen Print/Heat Transfer		S61	vrowinsky	000588
788	1	788.1	Approved	DJ's Tree 11”w X 8.63”h	Screen Print/Heat Transfer		S62	mmintz	000588
789	1	789.1	Approved	ALL Crane 3C 3.5”w X 1.67”h	Screen Print/Heat Transfer		S3G	mmintz	000081
790	1	790.1	Approved	Cedar Grove 3.5”w X 2.66”h	Screen Print/Heat Transfer		S39	vrowinsky	027535
791	1	791.1	Approved	SE Alaska WS 11”w X 1.97”h	Screen Print/Heat Transfer		S2V	mmintz	027422
793	1	793.1	Approved	Cedar Grove 11”w X 8.13”h	Screen Print/Heat Transfer		S3A	ncarroll	027535
794	1	794.1	Approved	JL's Tree 3”w X 3”h	Screen Print/Heat Transfer		S2J	mmintz	027290
795	1	795.1	Approved	"SE Alaska Wood 8”w X 10.3""h"	Screen Print/Heat Transfer		S2W	vrowinsky	027422
796	1	796.1	Approved	JL's Tree 10”w X 10”h	Screen Print/Heat Transfer		S2K	ncarroll	027290
797	1	797.1	Approved	"Monarch 3.5""w x 1.81""h"	Screen Print/Heat Transfer		RWY	mmintz	020655
798	1	798.1	Approved	JL's Tree-Flag 3”w X 1.5”h	Screen Print/Heat Transfer		S2L	vrowinsky	027290
799	1	799.1	Approved	"Arbormetrics 3""w X 1.38”h"	Screen Print/Heat Transfer		S1T	ncarroll	002127
800	1	800.1	Approved	"Eagle A&D Flag 11""w x 7.7""h"	Screen Print/Heat Transfer		RUZ	mmintz	001264
801	1	801.1	Approved	Mr. Excavator 10”w X 4.48”h	Screen Print/Heat Transfer		SQG	ncarroll	001264
802	1	802.1	Approved	"Zielies Hi-Viz 7""w X 6""h"	Screen Print/Heat Transfer		RSJ	mmintz	002111
803	1	803.1	Approved	"Zielies Milton 11""w x 10.88""h"	Screen Print/Heat Transfer		SPP	vrowinsky	001338
804	1	804.1	Approved	"Zielies Storm Res 1.4""w x 17""h"	Screen Print/Heat Transfer		SPQ	mmintz	001338
805	1	805.1	Approved	"Athens Tree Service 4""w X 1.8"""	Screen Print/Heat Transfer		RPQ	vrowinsky	002344
806	1	806.1	Approved	"Arborwear Infant 4""w x 1.25""h"	Screen Print/Heat Transfer		RRB	ncarroll	003101
807	1	807.1	Approved	"Athens Tree Serv 12""w X 8.5""h"	Screen Print/Heat Transfer		RPR	mmintz	002344
808	1	808.1	Approved	"Treeways 7""w X 1.8""h"	Screen Print/Heat Transfer		RPK	ncarroll	020619
809	1	809.1	Approved	"O'Connell Property 4""w X 2.6""h"	Screen Print/Heat Transfer		RNN	mmintz	001361
810	1	810.1	Approved	"O'Connell Property 11""w X 2.4"""	Screen Print/Heat Transfer		RNP	vrowinsky	001361
811	1	811.1	Approved	"Wright Safety 7""w X 6.14""h"	Screen Print/Heat Transfer		RKP	mmintz	002331
813	1	813.1	Approved	"Lucas safety Award 3.5"" X 3.3"""	Screen Print/Heat Transfer		RKM	vrowinsky	001140
814	1	814.1	Approved	"URBAN CANOPY 11”w X 1.94""h"	Screen Print/Heat Transfer		RIQ	mmintz	003273
815	1	815.1	Approved	Brake & Clutch 4”w X 1.7”h	Screen Print/Heat Transfer		T3Z	vrowinsky	000563
816	1	816.1	Approved	"SwitchNGo 3.50"" w x 1.00"" h"	Screen Print/Heat Transfer		R6A	ncarroll	001801
817	1	817.1	Approved	"Spira Tree Care 4""w X 2.64""h"	Screen Print/Heat Transfer		QZE	vrowinsky	001736
818	1	818.1	Approved	"Spira Tree Care 9""w X 5.95""h"	Screen Print/Heat Transfer		QZF	ncarroll	001736
819	1	819.1	Approved	"Bartlett Safety 4""w x 1.75""h"	Screen Print/Heat Transfer		R1B	mmintz	002385
820	1	820.1	Approved	"Monarch Tree 3C 11""w x 5.72""h"	Screen Print/Heat Transfer		QYK	vrowinsky	002256
821	1	821.1	Approved	"Arborist Standards 4""w x 3.09"""	Screen Print/Heat Transfer		QUI	mmintz	000164
822	1	822.1	Approved	"Grand Rapids Forest 4"" x 1.28"""	Screen Print/Heat Transfer		QYD	vrowinsky	000800
823	1	823.1	Approved	"Arborist Standards 12"" x 9.25"""	Screen Print/Heat Transfer		QUJ	vrowinsky	000160
824	1	824.1	Approved	"Xtreme Tree 12""w x 2""h"	Screen Print/Heat Transfer		QU6	vrowinsky	002101
677	1	677.1	Approved	"SCA Philly Refuge 11” X 11.82"""	Screen Print/Heat Transfer		SL1	vrowinsky	034240
678	1	678.1	Approved	"Marine Solutions 7""w x 5"""	Screen Print/Heat Transfer		GDN - Vinyl Sticker	vrowinsky	001167
679	1	679.1	Approved	"Bassett Inc 3.5""w x 3.72""h"	Screen Print/Heat Transfer		Q2F - SCRN ONLY	vrowinsky	000241
680	1	680.1	Approved	"Bassett Inc 11""w x 11.67""h"	Screen Print/Heat Transfer		Q2E - SCRN ONLY	vrowinsky	000241
681	1	681.1	Approved	"Arborscapes 12""w x 6.75""h"	Screen Print/Heat Transfer		Q11 - White ink	vrowinsky	000183
682	1	682.1	Approved	"Arborscapes 3.75""w x 1.41""h"	Screen Print/Heat Transfer		S2G - White	vrowinsky	000183
683	1	683.1	Approved	"ISA Municipal Spec 1.7"" x 2.61"	Screen Print/Heat Transfer		G88	vrowinsky	021048
684	1	684.1	Approved	"SAT Hilderbrant 3.51”w X 2.51"""	Embroidery		BX9	vrowinsky	002398
685	1	685.1	Approved	"Integrity Tree 2”w x 1.8""h"	Embroidery		BWD - HAT Panel	vrowinsky	000963
686	1	686.1	Approved	"Integrity Tree 2.26""w x 1.28""h"	Embroidery		BWE - HAT Flag	vrowinsky	000963
687	1	687.1	Approved	"Integrity Tree - HAT Side 2"""	Embroidery		BWF - 2 DSTs (SEE PROOF)	vrowinsky	000963
688	1	688.1	Approved	"Tri-State Bobcat 4.28"" x 0.98"""	Embroidery		BVP	vrowinsky	030298
689	1	689.1	Approved	Deer Guys w/R 3.5”w X 0.62”h	Embroidery		BU5	ncarroll	002398
690	1	690.1	Approved	City Of Madison 3.02”w X 3.02”	Embroidery		BS7	vrowinsky	040390
691	1	691.1	Approved	"ISA 1.69"" W x 2.59"" H"	Embroidery		A3I	ncarroll	021048
692	1	692.1	Approved	SavATree Atlas 3.5”w X 2.35”h	Embroidery		BRY	vrowinsky	002398
693	1	693.1	Approved	Tree House HAT 4”w X 1.36”h	Embroidery		BN7	ncarroll	027044
694	1	694.1	Approved	"Top Notch Tree 3.5”w X 2.5""h"	Embroidery		BN3	vrowinsky	001859
695	1	695.1	Approved	Portland Forestry 3.52”w X 2.0	Embroidery			ncarroll	001474
696	1	696.1	Approved	Portland Forestry 3”w X 0.46”h	Embroidery		BL2	ncarroll	001474
699	1	699.1	Approved	SAT Beetlebung 3.99”w X 2.5”h	Embroidery		BIL	vrowinsky	002398
700	1	700.1	Approved	Gemstone Memorials 4”w X 1.47”	Embroidery		BHL	ncarroll	035520
701	1	701.1	Approved	Devore 2.29”w X 2.01”h	Embroidery		BGK - HAT	vrowinsky	033797
702	1	702.1	Approved	Candlewood Partners 3.7 x 0.91	Embroidery		BES	ncarroll	000370
703	1	703.1	Approved	"SAT Taddiken 4.02""w x 2.47""h"	Embroidery		BDN	vrowinsky	002398
704	1	704.1	Approved	"Ryan Lawn 3.51""w x 2.13""h"	Embroidery		BDK	mmintz	002337
705	1	705.1	Approved	Bainbridge TWP  4”w X 0.85”h	Embroidery		BAL	mmintz	000233
706	1	706.1	Approved	MAC ISA 3.5”w X 1.24”h	Embroidery		B9R - HAT	mmintz	001148
707	1	707.1	Approved	Mickman Brothers 3.52”w X 2.41	Embroidery		B7M	mmintz	002387
708	1	708.1	Approved	Serrano Arboricul 2.86”w X 2.2	Embroidery		B5C - HAT	mmintz	012199
709	1	709.1	Approved	Harder Tree 100 Yrs 2.96 X 3.5	Embroidery		B4F	vrowinsky	000855
710	1	710.1	Approved	"Straight Flag Left 3""w x 2""h"	Embroidery		AEV	vrowinsky	003101
711	1	711.1	Approved	"Reserve Millwork 4.01""w X 3.72"	Embroidery		B3F	mmintz	021547
712	1	712.1	Approved	"Old Growth Tree 3.5""w x 3.4"" h"	Embroidery		B3G	ncarroll	002360
713	1	713.1	Approved	"Wise Owl 4""w x 1.6""h"	Embroidery		B4D	vrowinsky	001783
714	1	714.1	Approved	"Arbor Masters Adv 4""w X 1.75""h"	Embroidery		B24	mmintz	000172
715	1	715.1	Approved	"Wise Owl Bicep 1.82""w x 3""h"	Embroidery		B4K	vrowinsky	001783
716	1	716.1	Approved	"Northern Clearing 3.01""w X 2.1"	Embroidery		B18	ncarroll	001338
717	1	717.1	Approved	"Colorado State 4.5""w X 1.42""h"	Embroidery		AWC	mmintz	000477
718	1	718.1	Approved	"Colorado State Uni 12""w x .67"""	Embroidery		AWD	vrowinsky	000477
719	1	719.1	Approved	"Brake & Clutch 3.51""w X 1.53""h"	Embroidery		AV4	ncarroll	001801
720	1	720.1	Approved	"Chippers HAT 2.5""w X 2.11""h"	Embroidery		AUA	mmintz	002388
721	1	721.1	Approved	"Town 4 Trail 3.51""w x 3.5""h"	Embroidery		ALK	mmintz	008207
722	1	722.1	Approved	"Bartlett Training 4"" x 1.48"""	Embroidery		AM6	ncarroll	002385
723	1	723.1	Approved	"ARBORTECH 4""w x  0.72""h"	Embroidery		AQR	vrowinsky	007130
724	1	724.1	Approved	"Caretaker 4.05""w x 0.97""h"	Embroidery		AG6	mmintz	000382
725	1	725.1	Approved	"Teachers Tree 3.25""w x 3.15""h"	Embroidery		AAG	vrowinsky	003233
726	1	726.1	Approved	"Sugar Pines 2.92"" W x 2.21"" H"	Embroidery		AFY	ncarroll	001781
727	1	727.1	Approved	"Dunlap Lawn 4.02""w x 2.13""h"	Embroidery		A4T	vrowinsky	000611
728	1	728.1	Approved	"Hilliard 4""w x 1.6""h"	Embroidery		A63 13930507	mmintz	000898
729	1	729.1	Approved	"Arbor Mountain 4.45""w x 2.18""h"	Embroidery		A23	vrowinsky	000174
730	1	730.1	Approved	"Asplundh Const 3.50""w x 1.16""h"	Embroidery		A2N	mmintz	002129
731	1	731.1	Approved	"ACRT Pacific Icon 2""w x 1.78""h"	Embroidery		A1A	mmintz	000011
732	1	732.1	Approved	"Caldwell 4.5""w x 1.8""h"	Screen Print/Heat Transfer		T3U	vrowinsky	000363
733	1	733.1	Approved	"Caldwell 12""w x 6.1""h"	Screen Print/Heat Transfer		T3V	ncarroll	000363
734	1	734.1	Approved	"Caldwell - Sleeve 3.25""w x 3.2"	Screen Print/Heat Transfer		T3W	ncarroll	000363
735	1	735.1	Approved	"ALL Columbus 3.75""w x 1.44""h"	Screen Print/Heat Transfer		T51	vrowinsky	031877
736	1	736.1	Approved	Orleans County 3.75”w X 1.02”h	Screen Print/Heat Transfer		T2G	mmintz	027998
737	1	737.1	Approved	"Arborwear Treeline 10"" x 3.18"""	Screen Print/Heat Transfer		T28	vrowinsky	003101
738	1	738.1	Approved	Gunnison 4”w X 0.97”h	Screen Print/Heat Transfer		T1N	mmintz	002121
739	1	739.1	Approved	Distinctive Tree 3.5”w X 1.21”	Screen Print/Heat Transfer		T1M	vrowinsky	002121
740	1	740.1	Approved	Deer Guys 1C 3.5”w X 0.58”h	Screen Print/Heat Transfer		T1I	vrowinsky	002398
741	1	741.1	Approved	Landscape II 3.25”w X 1.63”h	Screen Print/Heat Transfer		SX9	vrowinsky	002121
742	1	742.1	Approved	City Of Madison 3”w X 3”h	Screen Print/Heat Transfer		SWY	vrowinsky	040390
743	1	743.1	Approved	A Cut Above 11”w X 3.55”h	Screen Print/Heat Transfer		SW2	vrowinsky	020619
744	1	744.1	Approved	"Town 4 Trail 3.5""w x 3.5""h"	Screen Print/Heat Transfer		SSI	vrowinsky	008207
745	1	745.1	Approved	"Town 4 Trail 10""w x 10""h"	Screen Print/Heat Transfer		SSJ	vrowinsky	008207
746	1	746.1	Approved	Catts Construction 4” X 1.08”	Screen Print/Heat Transfer		SR7	vrowinsky	037865
597	1	597.1	Approved	"SAT Arborlogical 4.01"" x 2.55"""	Embroidery		BI1	vrowinsky	002398
598	1	598.1	Approved	"Vizmeg Landscape 3.25” X 1.73"""	Embroidery		B6H	vrowinsky	025827
599	1	599.1	Approved	"Roe's Outdoor 3.75""w X 1.45""h"	Embroidery		AZ7 - HAT	vrowinsky	015624
600	1	600.1	Approved	"Wetland Studies 3.5""w X 1.55""h"	Embroidery		AYQ	vrowinsky	002388
601	1	601.1	Approved	"O'Connell Electric 4""w x 1""h"	Embroidery		ASX	vrowinsky	014800
602	1	602.1	Approved	"Davey Maier 3.48""w x 1.79""h"	Embroidery		AFG	vrowinsky	002388
603	1	603.1	Approved	"SwitchNGo 3.5""w x 1""h"	Embroidery		AAE	vrowinsky	000563
604	1	604.1	Approved	"Municipal Spec 1.7""w x 2.61""h"	Embroidery		A6S	vrowinsky	021048
605	1	605.1	Approved	Bartlett TPS 8.5”w X 0.86”h	Embroidery		BLP	vrowinsky	002385
606	1	606.1	Approved	Capitol Tree 3C 4”w x 1.4”h	Screen Print/Heat Transfer		THU	mmintz	021385
607	1	607.1	Approved	"Asplundh Brush 3.53""w x .85""h"	Embroidery		A2M	vrowinsky	002154
608	1	608.1	Approved	Native 4.26”w X 0.72”h	Embroidery		C4Z - HAT - See Cass/Amita - Placement must be exact!!!!	mmintz	020810
609	1	609.1	Approved	"Nebraska Arb 2026 2.97” X 3.5"""	Embroidery		C4W	mmintz	002127
610	1	610.1	Approved	Byrider 3.99”w X 1.19”h	Embroidery		C4H	mmintz	000995
611	1	611.1	Approved	"CVA Stewards FC 2.23"" x 2.23"""	Embroidery		C4R	mmintz	002397
612	1	612.1	Approved	"CVA Stewards FC 2.54""w x 2.54"""	Embroidery		C52	mmintz	002397
613	1	613.1	Approved	"ALL Family 3.75""w x 1.46""h"	Embroidery		A1R	vrowinsky	031616
614	1	614.1	Approved	"Beyond the Leaf 3.76""w x 1.95"""	Embroidery		C54	mmintz	029868
615	1	615.1	Approved	"ALL Central 3.76”w X 1.41""h"	Embroidery		BVI	vrowinsky	031616
616	1	616.1	Approved	Beyond the Leaf 2.0”w X 1.66”h	Embroidery		C55	mmintz	029868
617	1	617.1	Approved	"AEP Forestry 2.8""w x .75""h"	Embroidery		A1G	vrowinsky	000113
618	1	618.1	Approved	Asplundh Rail 3.20”w X 0.67”h	Embroidery		C5C	mmintz	002127
619	1	619.1	Approved	"Lucas Safety 3.5”w X 0.34""h"	Screen Print/Heat Transfer		TIF	mmintz	001140
620	1	620.1	Approved	"ACRT Stacked 1.76""w x 2.24""h"	Embroidery		A1F	vrowinsky	000011
621	1	621.1	Approved	"ACRT Icon 2""w x 1.78""h"	Embroidery		A18	mmintz	000011
622	1	622.1	Approved	"SAT Intern 2025 3.5”w X 2.12""h"	Screen Print/Heat Transfer		T2J - 2025 Intern	vrowinsky	002398
623	1	623.1	Approved	SavATree Intern 11”w X 12.86”h	Screen Print/Heat Transfer		T2K	mmintz	002398
624	1	624.1	Approved	Front Range 4”w X 0.82”h	Screen Print/Heat Transfer		SZ1	vrowinsky	002274
625	1	625.1	Approved	Front Range 11”w X 9.44”h	Screen Print/Heat Transfer		SZ2	mmintz	002274
626	1	626.1	Approved	N&D Tree 2.96”w X 3.5”h	Screen Print/Heat Transfer		SLV	vrowinsky	010954
627	1	627.1	Approved	Western Reserve 3”w X 3.47”h	Screen Print/Heat Transfer		SKY - Sporting Circle	mmintz	002045
628	1	628.1	Approved	UTS Safe Crew 4”w X 0.94”h	Screen Print/Heat Transfer		SK6	vrowinsky	002127
629	1	629.1	Approved	Utility Tree Service 7”w X 4”h	Screen Print/Heat Transfer		S4H	mmintz	002127
630	1	630.1	Approved	Landscapes Unlimited 4” X 2.97	Screen Print/Heat Transfer		SJP	vrowinsky	002121
631	1	631.1	Approved	Hudson Explorers 12”w X 2.98”h	Screen Print/Heat Transfer		SJL	mmintz	002377
632	1	632.1	Approved	All Things Trees 10”w X 6.68”h	Screen Print/Heat Transfer		SJC	ncarroll	036074
633	1	633.1	Approved	All Things Trees 4”w X 1.67”h	Screen Print/Heat Transfer		SJB	mmintz	036074
634	1	634.1	Approved	Philmont Cons 2.25”w X 2.75”h	Screen Print/Heat Transfer		SHV	mmintz	001450
635	1	635.1	Approved	Structural 8”w X 7.83”h	Screen Print/Heat Transfer		SH2	mmintz	030976
636	1	636.1	Approved	Structural 3.5”w X 3.42”h	Screen Print/Heat Transfer		SGX	vrowinsky	030976
637	1	637.1	Approved	Philmont Cons 11”w X 11”h	Screen Print/Heat Transfer		SHW	ncarroll	001450
638	1	638.1	Approved	Heartwood 11”w X 3.21”h	Screen Print/Heat Transfer		SG4	vrowinsky	000871
639	1	639.1	Approved	"Rainbow Treecare 6""w x 4.25""h"	Screen Print/Heat Transfer		SE5	ncarroll	001527
640	1	640.1	Approved	Heartwood 8”w X 3.52”h	Screen Print/Heat Transfer		SG3	mmintz	000871
641	1	641.1	Approved	"Stowe Electric 3.5""w x 2.92""h"	Screen Print/Heat Transfer		SA8	mmintz	028185
642	1	642.1	Approved	"Russell Tree 3.75""w x 1""h"	Screen Print/Heat Transfer		SBH	vrowinsky	001619
643	1	643.1	Approved	"Iapetus LC/AP 3.5""w x 1.25""h"	Screen Print/Heat Transfer		S9D	vrowinsky	030570
644	1	644.1	Approved	"Structural 4""w x 3.92""h"	Screen Print/Heat Transfer		S8T	mmintz	030976
645	1	645.1	Approved	Walker Tree HVSA 7”w X 8.31”h	Screen Print/Heat Transfer		SD3	ncarroll	020284
646	1	646.1	Approved	"Structural 7""w x 6.86""h"	Screen Print/Heat Transfer		S8U - HVSA	vrowinsky	030976
647	1	647.1	Approved	"Monster ""Arborist""12” X 2.5”"	Screen Print/Heat Transfer		RZH	ncarroll	002326
648	1	648.1	Approved	Arbor Metrics 7”w X 3.21”h	Screen Print/Heat Transfer		S17	mmintz	002127
649	1	649.1	Approved	"Accent Landscapes 3”w X 1.5""h"	Screen Print/Heat Transfer		RXE	vrowinsky	002121
650	1	650.1	Approved	Fiorilli Const. 3.5”w X 3.6”h	Screen Print/Heat Transfer		RVQ	mmintz	000697
651	1	651.1	Approved	Fiorilli Construction 7.00”w X	Screen Print/Heat Transfer		RVR	ncarroll	000697
652	1	652.1	Approved	"EOS 7""w X 3""h"	Screen Print/Heat Transfer		RUH	vrowinsky	000654
653	1	653.1	Approved	"Planet Green 4""w X 2.2""h"	Screen Print/Heat Transfer		RRZ	vrowinsky	021960
654	1	654.1	Approved	"EOS 11""w X 6""h"	Screen Print/Heat Transfer		RUI	ncarroll	000654
655	1	655.1	Approved	"Roes Outdoor 4""w X 1.53""h"	Screen Print/Heat Transfer		RMX	vrowinsky	015624
656	1	656.1	Approved	"Native LC 4.25""w X 0.7""h"	Screen Print/Heat Transfer		RMV	ncarroll	020810
657	1	657.1	Approved	"Monarch Tree MI 3""w X 4.2""h"	Screen Print/Heat Transfer		RME	vrowinsky	020655
658	1	658.1	Approved	"Monarch Tree MI 8.9""w X 14""h"	Screen Print/Heat Transfer		RMG	vrowinsky	020655
659	1	659.1	Approved	"CAVS 3.75""w X 1.2""h"	Screen Print/Heat Transfer		RL5	vrowinsky	020619
660	1	660.1	Approved	"Monster PHC 5""w X 2.63""h"	Screen Print/Heat Transfer		"RGB - ""Brown tag"""	vrowinsky	002326
661	1	661.1	Approved	"ACRT Services 1.76""w x 2.52""h"	Screen Print/Heat Transfer		RDS	vrowinsky	000011
662	1	662.1	Approved	"ACRT Icon 2""w x 1.78""h"	Screen Print/Heat Transfer		RDP	vrowinsky	000011
663	1	663.1	Approved	"Timber Ridge CA 3.5""w X 1.87""h"	Screen Print/Heat Transfer		R9U	vrowinsky	012767
664	1	664.1	Approved	Timber Ridge HVSA 7”w X 3.13”h	Screen Print/Heat Transfer		SK8	mmintz	012767
665	1	665.1	Approved	"Terry Hughes FC 2.75""w x 1.6""h"	Screen Print/Heat Transfer		QWU	mmintz	001824
667	1	667.1	Approved	"St Vrain 11.5""w X 3.3""h"	Screen Print/Heat Transfer		QW5	mmintz	001778
668	1	668.1	Approved	"Schneider Tree Care 4""w x 1.1"""	Screen Print/Heat Transfer		QV2	mmintz	001653
669	1	669.1	Approved	"St. Vrain PHC 3.8""w x 1.08""h"	Screen Print/Heat Transfer		QW4	vrowinsky	001778
670	1	670.1	Approved	"Schneider Tree 11""w x 3.1""h"	Screen Print/Heat Transfer		QV3	vrowinsky	001653
671	1	671.1	Approved	"CEI 5""w x 5""h"	Screen Print/Heat Transfer		QTF	mmintz	010402
672	1	672.1	Approved	"Arborist Enterprises 4"" x 3.25"	Screen Print/Heat Transfer		QS4	vrowinsky	000160
673	1	673.1	Approved	"Arborist Ent 12.5""w x 10.5""h"	Screen Print/Heat Transfer		QS5	mmintz	000160
674	1	674.1	Approved	"Vermilion Tree 4""w x 1""h"	Screen Print/Heat Transfer		QFT	vrowinsky	000632
675	1	675.1	Approved	"Vermilion Tree 12""w x 3.25""h"	Screen Print/Heat Transfer		QFU	vrowinsky	000632
676	1	676.1	Approved	"Zielies 9""w x 7.6""h"	Screen Print/Heat Transfer		QAU	vrowinsky	002111
513	1	513.1	Approved	"Safety Operations 9""w x 7.1""h"	Screen Print/Heat Transfer		QDH	vrowinsky	002127
514	1	514.1	Approved	"Gatsby Grounds 3.6""w x 3.7""h"	Screen Print/Heat Transfer		QCN	vrowinsky	000756
515	1	515.1	Approved	"Gatsby Grounds 11.7""w x 11.1""h"	Screen Print/Heat Transfer		QCP	vrowinsky	000756
517	1	517.1	Approved	"Nelson 2C 12""w X 5""h"	Screen Print/Heat Transfer		Q6P - HVSA	vrowinsky	001290
518	1	518.1	Approved	"Summit Landscape 3.25"" x 2.89"""	Screen Print/Heat Transfer		G95	vrowinsky	001783
519	1	519.1	Approved	"Growth Solutions 9.5""w x 13.25"	Screen Print/Heat Transfer		QEK	vrowinsky	001527
520	1	520.1	Approved	"Growth Solutions 2.19""w x 3""h"	Screen Print/Heat Transfer		QE7	vrowinsky	001527
521	1	521.1	Approved	Deer Guys 4”w X 0.7”h	Embroidery		BTI - HAT	vrowinsky	002398
522	1	522.1	Approved	Thrive 3.5”w X 1.19”h	Embroidery		BSN	vrowinsky	002398
523	1	523.1	Approved	"Lawns Unlimited 3.5”w X 1.8""h"	Embroidery		BFF	vrowinsky	002398
524	1	524.1	Approved	"SavATree T4 Tree 4""w x 2.6""h"	Embroidery		BEZ	vrowinsky	002398
525	1	525.1	Approved	"Sherlock Tree 4.02""w x 0.85"	Embroidery		BDD	vrowinsky	001684
526	1	526.1	Approved	"McCausland HAT 2.77""w x 2.23""h"	Embroidery		B7D	mmintz	026639
527	1	527.1	Approved	"Serrano Arboricul 3.52"" x 2.8"	Embroidery		BBS	vrowinsky	012199
528	1	528.1	Approved	"Ruppert Nurseries 4.01""w X 1.2"	Embroidery		B3I	mmintz	001615
529	1	529.1	Approved	"Davey Arboristry 3.5""w x 1.2""h"	Embroidery		B2R	vrowinsky	002388
530	1	530.1	Approved	"Bartlett SP McCl 4""w X 1.58""h"	Embroidery		AZV	mmintz	002385
531	1	531.1	Approved	"Schneider Tree Care 3.5"" x 1"""	Embroidery		AJ3	vrowinsky	001653
532	1	532.1	Approved	"Top Notch Tree (MI) 3""w x 3""h"	Embroidery		AAJ	mmintz	002223
533	1	533.1	Approved	"Ind Plumbing 2.09”w x 2.75""h"	Embroidery		A6I	vrowinsky	000949
534	1	534.1	Approved	Arbor Metrics 1C 7”w X 2.95”	Screen Print/Heat Transfer		T58	mmintz	002127
535	1	535.1	Approved	"Lucas Safety 3.5”w X 1.59""h"	Screen Print/Heat Transfer		T3I	vrowinsky	001140
536	1	536.1	Approved	Birchcrest 3.5”w X 1.04”h	Screen Print/Heat Transfer		T1L	mmintz	002121
537	1	537.1	Approved	Arbor Metrics 7”w X 2.95”h	Screen Print/Heat Transfer		STT	mmintz	002127
538	1	538.1	Approved	Independent Tree 3.75”w X 1.03	Screen Print/Heat Transfer		SMR	mmintz	000950
539	1	539.1	Approved	"A Cut Above 9""w X 2.9""h"	Screen Print/Heat Transfer		STN	vrowinsky	020619
540	1	540.1	Approved	"Independent Tree 9"" x 2.47"""	Screen Print/Heat Transfer		SMT	ncarroll	000950
541	1	541.1	Approved	Arbor MD 3.5”w X 1.92”h	Screen Print/Heat Transfer		SI8	mmintz	026168
542	1	542.1	Approved	SavATree 10.5”w X 4.77”h	Screen Print/Heat Transfer		SGL	mmintz	002398
543	1	543.1	Approved	Devore 10”w X 10”h	Screen Print/Heat Transfer		SF2	vrowinsky	033797
544	1	544.1	Approved	Devore's 4”w X 1.15”h	Screen Print/Heat Transfer		SF1	ncarroll	033797
545	1	545.1	Approved	Rooted in Ohio 2C 9.5”w X 9.5”	Screen Print/Heat Transfer		SDW	vrowinsky	003101
546	1	546.1	Approved	"Kendall HOP 3""w x 3.09""h"	Screen Print/Heat Transfer		SF9	mmintz	040037
547	1	547.1	Approved	Stay Sharp 10”w X 3.31”h	Screen Print/Heat Transfer		SDV	vrowinsky	003101
548	1	548.1	Approved	ForeverLawn 10”w X 2.36”h	Screen Print/Heat Transfer		SCN	mmintz	000717
549	1	549.1	Approved	"Grass w/o Limits 12""w x 12.25"""	Screen Print/Heat Transfer		SCP	vrowinsky	000717
550	1	550.1	Approved	"Atlas LC/AP 3.5""w x 1.92""h"	Screen Print/Heat Transfer		S9G	mmintz	030570
551	1	551.1	Approved	"Monster PHC  3.5""W x 1.84""H"	Screen Print/Heat Transfer		S6G	ncarroll	002326
552	1	552.1	Approved	Deeridge Farms 3.75”w X 1.2”h	Screen Print/Heat Transfer		RZW	vrowinsky	026720
553	1	553.1	Approved	"Helix Linear 9""w X 2.28""h"	Screen Print/Heat Transfer		RNS	ncarroll	004411
554	1	554.1	Approved	"Row Care Safety 3.5""w X 1.27""h"	Screen Print/Heat Transfer		RQ9	mmintz	002121
555	1	555.1	Approved	"Helix Linear 11""w X 13.5""h"	Screen Print/Heat Transfer		RNT	vrowinsky	004411
556	1	556.1	Approved	"Grand Forks Park 4""w X 1.34""h"	Screen Print/Heat Transfer		RKT	mmintz	020424
557	1	557.1	Approved	"Sky Quest 2.5""w X 1.13""h"	Screen Print/Heat Transfer		RKR	vrowinsky	012939
558	1	558.1	Approved	"Integrity Tree 8""w X 3.1"""	Screen Print/Heat Transfer		RHX - HVSA	mmintz	000962
559	1	559.1	Approved	"Sky Quest Full Back 9"" X 4.96"""	Screen Print/Heat Transfer		RKS	ncarroll	012939
560	1	560.1	Approved	"Belknap 3.5""w x 4.25""h"	Screen Print/Heat Transfer		QUK	vrowinsky	000257
561	1	561.1	Approved	"Justin's Tree Service J 2.4"" W"	Screen Print/Heat Transfer		QQJ	ncarroll	005850
562	1	562.1	Approved	"Belknap 11""w x 13.5""h"	Screen Print/Heat Transfer		QUL	mmintz	000257
563	1	563.1	Approved	"Justin's Tree 13.5""w x 16""h"	Screen Print/Heat Transfer		QQK	vrowinsky	005850
564	1	564.1	Approved	"Wolff Safety 3.5""w x 2""h"	Screen Print/Heat Transfer		QPQ	mmintz	002074
565	1	565.1	Approved	"Edwards Tree 10""w x 12.5""h"	Screen Print/Heat Transfer		QFS	vrowinsky	000632
566	1	566.1	Approved	"Edwards Tree Service 4"" x 1"""	Screen Print/Heat Transfer		QFR	ncarroll	000632
567	1	567.1	Approved	"Davey Wolf 3.5""w x 3.51""h"	Screen Print/Heat Transfer		QEN	vrowinsky	002388
568	1	568.1	Approved	"Safety Operations Group 5.75"""	Screen Print/Heat Transfer		QDI	ncarroll	002127
569	1	569.1	Approved	"NPC 6""w x 6.5""h"	Screen Print/Heat Transfer		Q6Z	vrowinsky	001286
570	1	570.1	Approved	"Seattle Tree 4.25""w x 1.17""h"	Screen Print/Heat Transfer		QF9	mmintz	001664
571	1	571.1	Approved	"Nelson 9.25""w x 4""h"	Screen Print/Heat Transfer		Q6Q - HVSA	vrowinsky	001290
572	1	572.1	Approved	"Mead Tree 3.75""w x 1.23""h"	Screen Print/Heat Transfer		Q6D	mmintz	001191
573	1	573.1	Approved	"Mead Tree 9.5""w x 4.88""h"	Screen Print/Heat Transfer		Q6E	vrowinsky	001191
574	1	574.1	Approved	"TCIA Accredited Mead 3"" x 2.5"""	Screen Print/Heat Transfer		Q9H	vrowinsky	001191
575	1	575.1	Approved	"Marine Solutions 7"" x 4.91"""	Screen Print/Heat Transfer		T5J	ncarroll	001167
576	1	576.1	Approved	"Get R Cut 3.5""w x 1.6""h"	Screen Print/Heat Transfer		Q4J	mmintz	002424
577	1	577.1	Approved	"Get R Cut 12""w x 5.65""h"	Screen Print/Heat Transfer		Q4I	vrowinsky	002424
578	1	578.1	Approved	"A-Star 3.75"" w X 3.44"" h"	Screen Print/Heat Transfer		Q12	ncarroll	002440
579	1	579.1	Approved	Keystone (HVSA & Non)	Screen Print/Heat Transfer		PDH - *See Proof*	mmintz	001057
580	1	580.1	Approved	"Townsend 7""w x 3.5""h"	Screen Print/Heat Transfer		G6D - Sticker Decal, ** Cast Vinyl **	mmintz	002121
581	1	581.1	Approved	"SCA Rockstar 4"" x 2.35"""	Screen Print/Heat Transfer		G5R  SCA Future Conservation Rockstar	ncarroll	034240
582	1	582.1	Approved	"Arb Patch 3.5""w x 1.68""h"	Hat Press Heat Press		GDS - PATCH	vrowinsky	003101
583	1	583.1	Approved	"Western Reserve 11"" x 7.3"""	Screen Print/Heat Transfer		TCC	ncarroll	032235
584	1	584.1	Approved	"ALL Crane 3.25""w x 1.55""h"	Embroidery		BWY - HAT	mmintz	031616
586	1	586.1	Approved	Woodman 3.52”w X 0.89”h	Embroidery		BU4	vrowinsky	002121
587	1	587.1	Approved	West Tree 3.5”w X 1.26”h	Embroidery		BU3	vrowinsky	002121
588	1	588.1	Approved	Payne & Tompkins 3.76”w X 1.09	Embroidery		BRV	mmintz	001434
590	1	590.1	Approved	Catts Construction 4.02” X 1”	Embroidery		BN5	vrowinsky	037865
593	1	593.1	Approved	"SAT Beetlebung 3.20”w x 2.01""h"	Embroidery		BIP - HAT	vrowinsky	002398
594	1	594.1	Approved	"Borough 2.79” X 2""h"	Embroidery		BIF - HAT	vrowinsky	012191
595	1	595.1	Approved	"Borough 3.01”w X 0.32""h"	Embroidery		BIG - HAT	vrowinsky	012191
596	1	596.1	Approved	"SAT Alpine T4 3.99”w X 3.07""h"	Embroidery		BIA	vrowinsky	002398
460	1	460.1	Approved	"Growth Solutions 4.66""w x 6.5"""	Screen Print/Heat Transfer		QEL	vrowinsky	001527
461	1	461.1	Approved	Distinctive Tree 3.5”w X 1.28”	Embroidery		BTZ	vrowinsky	002121
462	1	462.1	Approved	SavATree Sussex 3.51”w X 2.36”	Embroidery		BSW	vrowinsky	002398
463	1	463.1	Approved	SAT Charleston 3.75”w X 2.84”h	Embroidery		BFI	vrowinsky	002398
464	1	464.1	Approved	"Safety Professional 3” X 2.58"""	Embroidery		B93	vrowinsky	002127
465	1	465.1	Approved	"DiGeronimo Develop. 4”w X .81"""	Embroidery		B8T	vrowinsky	000949
467	1	467.1	Approved	"Walker Tree Care 2.51” X 2.99"""	Embroidery		BY7	vrowinsky	020284
468	1	468.1	Approved	"Tree Trust Land 4”w X 1.7""h"	Embroidery		B7Y	vrowinsky	001914
469	1	469.1	Approved	"Accent Landscapes 3""w x 1.53""h"	Embroidery		B68	vrowinsky	002121
470	1	470.1	Approved	"EMI 4""w X 1.6""h"	Embroidery		AXM	vrowinsky	019552
471	1	471.1	Approved	"Sky Quest 2.25""w X 1.02""h"	Embroidery		AVN	vrowinsky	012939
472	1	472.1	Approved	"Lowe's Greenhouse 3.75"" X 1.6"""	Embroidery		AUH	vrowinsky	014552
473	1	473.1	Approved	"GOODS TREE CARE 4""w X 1.57""h"	Embroidery		ATC - HAT	vrowinsky	010956
474	1	474.1	Approved	"Philmont Flannel 1.5"" x 1.74"""	Embroidery		AQJ	vrowinsky	001450
475	1	475.1	Approved	"Tree Care Utility 4""w x 2.2""h"	Embroidery		AM9	vrowinsky	001880
476	1	476.1	Approved	"Snow & Sons 3.76""w x 1.2""h"	Embroidery		A9Z	mmintz	001718
478	1	478.1	Approved	Saluting Branches 3.51 x 1.63	Embroidery		A9H	vrowinsky	002165
479	1	479.1	Approved	"Burfords 3.02""w X 3.16""h"	Embroidery		A3A	vrowinsky	002127
480	1	480.1	Approved	"Hartney Greymont 2.08"" x 2.4"""	Embroidery		A5Y - Hat	mmintz	002388
481	1	481.1	Approved	"Bear IC 2.76""w x 2.75""h"	Embroidery		A2W	vrowinsky	000949
482	1	482.1	Approved	Geauga County 3”w X 3”h	Screen Print/Heat Transfer		T4D	mmintz	000761
483	1	483.1	Approved	"Treesmiths 9""w X 2.9""h"	Screen Print/Heat Transfer		STM	mmintz	020619
484	1	484.1	Approved	SavATree 13.5”w X 8.39”h	Screen Print/Heat Transfer		SKI	mmintz	002398
485	1	485.1	Approved	Lawns Unlimited 4.5”w X 2.29”h	Screen Print/Heat Transfer		SDC	mmintz	002398
486	1	486.1	Approved	Walker Tree WTCI 3”w X 2.35”h	Screen Print/Heat Transfer		SD2	mmintz	020284
487	1	487.1	Approved	Walker Tree Care 2.52”w X 3”h	Screen Print/Heat Transfer		SJ2	mmintz	020284
488	1	488.1	Approved	"SavATree Beeltbung 4.5” X 2.7"""	Screen Print/Heat Transfer		SKH	vrowinsky	002398
489	1	489.1	Approved	Walker Tree Care 9.26”w X 11”h	Screen Print/Heat Transfer		SJ3	mmintz	020284
490	1	490.1	Approved	Uribe's Tree 7.55”w X 11”h	Screen Print/Heat Transfer		SB7	mmintz	033391
491	1	491.1	Approved	Bartlett 1.17”w X 1.5”h	Screen Print/Heat Transfer		RYP	mmintz	002385
492	1	492.1	Approved	Jones Tree & Lawn 4”w X 2.33”h	Screen Print/Heat Transfer		RVT	vrowinsky	023530
493	1	493.1	Approved	"Jones Tree & Lawn 9”w X 9""h"	Screen Print/Heat Transfer		RVU	mmintz	023530
494	1	494.1	Approved	"Treeways 3.75""w X 0.97""h"	Screen Print/Heat Transfer		RL4	mmintz	020619
495	1	495.1	Approved	Gunnison 4.02”w X 1.08”h	Embroidery		BU1 - HAT	vrowinsky	002121
496	1	496.1	Approved	"Davey Bag Logo 5.25""w x 1.63""h"	Screen Print/Heat Transfer		RFN	mmintz	002388
497	1	497.1	Approved	"Hi-5 - Tree 6""w X 4.5""h"	Screen Print/Heat Transfer		RJL	mmintz	003101
498	1	498.1	Approved	"ACRT Pacific Icon 2""w x 1.78""h"	Screen Print/Heat Transfer		RDT	vrowinsky	000011
499	1	499.1	Approved	"Hi-5 11""w X 12.2""h"	Screen Print/Heat Transfer		RJM	mmintz	003101
500	1	500.1	Approved	"Hi-5 - Hi Five 2.1""w X 2""h"	Screen Print/Heat Transfer		RJN	mmintz	003101
501	1	501.1	Approved	"Casey Trees 9.5""w X 8""h"	Screen Print/Heat Transfer		RCP	mmintz	000391
502	1	502.1	Approved	"Casey Tree FREE 13""w X 7.3""h"	Screen Print/Heat Transfer		RCZ	vrowinsky	000391
503	1	503.1	Approved	"Ironwood 3.5""w x 1.75""h"	Screen Print/Heat Transfer		RCF	vrowinsky	014905
504	1	504.1	Approved	"CLARENDON HILLS 3.5""w X 0.87""w"	Screen Print/Heat Transfer		RB9	vrowinsky	012958
505	1	505.1	Approved	"Diggable Designs 3.25""w x 3.2"""	Screen Print/Heat Transfer		QQ8	vrowinsky	000584
506	1	506.1	Approved	"Diggable Designs 12""w X 1""h"	Screen Print/Heat Transfer		QQ9	vrowinsky	000584
507	1	507.1	Approved	"Chippers I WILL  2.4""w X 2.5""h"	Screen Print/Heat Transfer		Q39	vrowinsky	002388
508	1	508.1	Approved	"All Terrain 3.5""w x 2.85""h"	Screen Print/Heat Transfer		QLU	vrowinsky	000089
509	1	509.1	Approved	"All Terrain 11""w x 9""h"	Screen Print/Heat Transfer		QLV	vrowinsky	000089
510	1	510.1	Approved	"Barrett Tree Services 4"" x 4"""	Screen Print/Heat Transfer		QL5	vrowinsky	000239
511	1	511.1	Approved	"Campo 12""w x 3.1""h"	Screen Print/Heat Transfer		QGR	vrowinsky	000367
512	1	512.1	Approved	"Campo 12""w x 5.77""h"	Screen Print/Heat Transfer		QGS	vrowinsky	000367
454	1	454.1	Approved	"Wolff Tree 3.75""w x 2.5""h"	Screen Print/Heat Transfer		QH2	vrowinsky	002074
455	1	455.1	Approved	"Wolff Tree 12""w x 8""h"	Screen Print/Heat Transfer		QH3	vrowinsky	002074
456	1	456.1	Approved	"Wolff Safety 14.5""w x 2""h"	Screen Print/Heat Transfer		QH4	vrowinsky	002074
457	1	457.1	Approved	"Top Notch Tree (MI) 4""w x 4""h"	Screen Print/Heat Transfer		Q9N	vrowinsky	002223
458	1	458.1	Approved	"Top Notch Tree (MI) 11""w x 11"""	Screen Print/Heat Transfer		Q9M	vrowinsky	002223
459	1	459.1	Approved	"City of Bexley 3.5""w x 2.8""h"	Screen Print/Heat Transfer		Q3B	vrowinsky	000270
425	1	425.1	Approved	Swarts Mowing  3.5”w X 2.49”h	Embroidery		BMW	vrowinsky	002121
426	1	426.1	Approved	"Bartlett Hort 4.06""w X 1.48""h"	Embroidery		AZX	vrowinsky	002120
427	1	427.1	Approved	"HEARTWOOD TREE 3.5""w X 1.34""h"	Embroidery		AS5 - HAT	vrowinsky	004266
428	1	428.1	Approved	"Davey Wickes 3.5""w x 1.04""h"	Embroidery		AFJ	vrowinsky	002388
429	1	429.1	Approved	"Growth Solutions 1.65"" x 2.25"""	Embroidery		AF6 - HAT	vrowinsky	001527
430	1	430.1	Approved	"Treesmiths 4""w x 1.7""h"	Embroidery		AB4	vrowinsky	020619
431	1	431.1	Approved	"New England ISA 3.99""w x 1.16"""	Embroidery		A8B	vrowinsky	001306
432	1	432.1	Approved	"Almstead 2.15""w x 1.96""h"	Embroidery		A1V - HAT	vrowinsky	000092
433	1	433.1	Approved	Arbor Vista (1C) 4”w X 1.52”h	Screen Print/Heat Transfer		SXX	vrowinsky	006060
434	1	434.1	Approved	PG & E 2.6”w X 3”h	Screen Print/Heat Transfer		SVJ	vrowinsky	028474
435	1	435.1	Approved	"Arborwear 2.18""w x 14""h"	Screen Print/Heat Transfer		SLE	vrowinsky	003101
436	1	436.1	Approved	"Arborwear Tag 1.6""w X 1.5""h"	Screen Print/Heat Transfer		RKD - Arborwear - Size Tags for 3rd Party - 100% Cotton - Mens	vrowinsky	003101
437	1	437.1	Approved	SavATree Sussex 4.5”w X 3.02”h	Screen Print/Heat Transfer		SBZ	vrowinsky	002398
438	1	438.1	Approved	SAT Sussex 13.5”w X 9.06”h	Screen Print/Heat Transfer		SC1	vrowinsky	002398
439	1	439.1	Approved	"Southview Design 2.75” X 2.56"""	Screen Print/Heat Transfer		SBT	vrowinsky	033403
440	1	440.1	Approved	Southview Design 7”w X 6.14”h	Screen Print/Heat Transfer		SBU - HVSA	vrowinsky	033403
441	1	441.1	Approved	"SAT Arborscapes 4.6""w x 3""h"	Screen Print/Heat Transfer		SAM	vrowinsky	002398
442	1	442.1	Approved	"SAT Arborscapes 11""w x 7.14""h"	Screen Print/Heat Transfer		S9V	vrowinsky	002398
443	1	443.1	Approved	"Xanderbuilt LC 3.5""w x 1.14""h"	Screen Print/Heat Transfer		SAH	vrowinsky	002098
444	1	444.1	Approved	"Xanderbuilt 10""w x 3.4""h"	Screen Print/Heat Transfer		SAI	vrowinsky	002098
445	1	445.1	Approved	"CLE Metroparks 2""w x 1.8""h"	Screen Print/Heat Transfer		S8R	vrowinsky	000461
446	1	446.1	Approved	"Wise Owl 4""w x 1.6""h"	Screen Print/Heat Transfer		RVH	vrowinsky	022905
447	1	447.1	Approved	"Wise Owl 7.3""w x 12""h"	Screen Print/Heat Transfer		RVJ	vrowinsky	022905
448	1	448.1	Approved	"Zielies Small 4""w x 3.4""h"	Screen Print/Heat Transfer		RRU	vrowinsky	002111
449	1	449.1	Approved	"Western Reserve 2.37""w X 2.2""h"	Screen Print/Heat Transfer		RMQ	vrowinsky	002045
450	1	450.1	Approved	"Integrity Tree 11""w X 4.2""h"	Screen Print/Heat Transfer		RJ9	vrowinsky	000963
451	1	451.1	Approved	"Monster Tree TEAM 12""w x 3.8""h"	Screen Print/Heat Transfer		RSS	vrowinsky	002326
452	1	452.1	Approved	"Superior Tree Care 3.25"" x 4"""	Screen Print/Heat Transfer		QP6	vrowinsky	001793
453	1	453.1	Approved	"Superior Tree Care 10""w x 12""h"	Screen Print/Heat Transfer		QP7	vrowinsky	001793
392	1	392.1	Approved	"NG Gilbert Safety 3""w x 2""h"	Embroidery		A8F	vrowinsky	009845
393	1	393.1	Approved	"ForeverLawn 4""w x .95""h"	Embroidery		A58	vrowinsky	000717
394	1	394.1	Approved	One Asplundh 2”w X 1.43”h	Screen Print/Heat Transfer		TAX - Right Short Sleeve	vrowinsky	002127
395	1	395.1	Approved	Southview 3”w X 2.63”h	Screen Print/Heat Transfer		SX1	vrowinsky	033403
396	1	396.1	Approved	A-Star 3.5”w X 3.7”h	Screen Print/Heat Transfer		SJV	vrowinsky	002440
397	1	397.1	Approved	A-Star 10.4”w X 11”h	Screen Print/Heat Transfer		SJW	vrowinsky	002440
398	1	398.1	Approved	Ruppert Nurseries 4”w x 1.22”h	Screen Print/Heat Transfer		SFL	vrowinsky	001615
399	1	399.1	Approved	Ruppert Nurseries 11”w x 3.36”	Screen Print/Heat Transfer		SFM	vrowinsky	001615
400	1	400.1	Approved	Wachtel 4”w X 2.25”h	Screen Print/Heat Transfer		SFE	vrowinsky	002016
401	1	401.1	Approved	Wachtel 11”w X 8.9”h	Screen Print/Heat Transfer		SAN	vrowinsky	002016
402	1	402.1	Approved	Kendall Vegetation 4”w X 0.85”	Screen Print/Heat Transfer		SDT	vrowinsky	040037
403	1	403.1	Approved	"Kendall 12""w x 2.55""h"	Screen Print/Heat Transfer		SF8	vrowinsky	040037
404	1	404.1	Approved	"Kendall 2.23""w X 13""h"	Screen Print/Heat Transfer		SFA - Sleeve	vrowinsky	040037
405	1	405.1	Approved	"Fiorilli Cons 2.18”w X 2.26""h"	Screen Print/Heat Transfer		SBB	vrowinsky	000697
406	1	406.1	Approved	"Environmental MGMT 4""w X 1.6""h"	Screen Print/Heat Transfer		S6S	vrowinsky	019552
407	1	407.1	Approved	Hidden Creek 4”w X 2.9”h	Screen Print/Heat Transfer		RY9 - SCREEN PRINT ONLY	vrowinsky	000886
408	1	408.1	Approved	Hidden Creek 12”w X 2.16”h	Screen Print/Heat Transfer		RYA	vrowinsky	000886
409	1	409.1	Approved	Vizmeg Landscape 3.25”w X 1.73	Screen Print/Heat Transfer		RXQ	vrowinsky	025827
410	1	410.1	Approved	"Townsend Arborcare 3.5"" X 1.5"""	Screen Print/Heat Transfer		RQA	vrowinsky	002121
411	1	411.1	Approved	"BIP Auburn, LLC 3""w X 2.5""h"	Screen Print/Heat Transfer		RKJ	vrowinsky	020269
413	1	413.1	Approved	"BIP Auburn, LLC 11""w X 9.4""h"	Screen Print/Heat Transfer		RKK	vrowinsky	020269
414	1	414.1	Approved	"Monarch 2.5""w x 1.3""h"	Screen Print/Heat Transfer		R46	vrowinsky	002256
415	1	415.1	Approved	"Town of Parker 4""w x 1.5""h"	Screen Print/Heat Transfer		Q9P	vrowinsky	001417
416	1	416.1	Approved	"Mainscape Back 12""w x 5.3""h"	Screen Print/Heat Transfer		Q63	vrowinsky	001156
417	1	417.1	Approved	"Mainscape - Flag 3""w X 1.5""h"	Screen Print/Heat Transfer		Q65	vrowinsky	001156
418	1	418.1	Approved	"Maier 3.5""w x 1.71""h"	Screen Print/Heat Transfer		Q5Z	vrowinsky	002388
419	1	419.1	Approved	"Carroll Tree Service 4""w x .9"""	Screen Print/Heat Transfer		Q2X - White	vrowinsky	000388
420	1	420.1	Approved	"TCIA Accredited 3""w x 2.6""h"	Screen Print/Heat Transfer		Q9G - Carroll Tree - Black	vrowinsky	000388
421	1	421.1	Approved	"Almstead 10""w X 8.5""h"	Screen Print/Heat Transfer		Q16	vrowinsky	000092
422	1	422.1	Approved	"Almstead 3.36""w x 2.5""h"	Screen Print/Heat Transfer		Q17	vrowinsky	000092
423	1	423.1	Approved	"Stay Sharp 3.45""w x 2.25""h"	Hat Press Heat Press		GDR - PATCH	vrowinsky	003101
424	1	424.1	Approved	Arbor Vista 4.02”w X 1.50”h	Embroidery		BSP	vrowinsky	004619
328	1	328.1	Approved	"Marine Solutions 3.02"" x 1.05"""	Embroidery		BRM	vrowinsky	001167
329	1	329.1	Approved	"Rainbow Tree HAT 2.49” x 1.25"""	Embroidery		BID	mmintz	001527
330	1	330.1	Approved	"SavATree General 4.01"" x 3.01"""	Embroidery		BH3	vrowinsky	002398
331	1	331.1	Approved	"Greenwise Organic 4""w X 1.4""h"	Embroidery		B46	mmintz	000832
332	1	332.1	Approved	"Wolff Tree 3.84""w x 2.26""h"	Embroidery		ATS	mmintz	002074
333	1	333.1	Approved	"Zielies 3.52""w x 3.00""h"	Embroidery		AIZ	mmintz	002111
334	1	334.1	Approved	"Bartlett Consulting 4"" X 1.46"""	Embroidery		ASZ	vrowinsky	002120
335	1	335.1	Approved	"Supreme Indust 4.01""w x 1.44""h"	Embroidery		AAA	vrowinsky	002172
336	1	336.1	Approved	"UAA Stack 3""w x 3.9""h"	Embroidery		ABD	mmintz	002174
337	1	337.1	Approved	"Bartlett Shield 1.77""w x 2.25"""	Embroidery		A2U	mmintz	002120
338	1	338.1	Approved	"ISA Utility Spec 1.71"" x 2.62"""	Embroidery		A6T	vrowinsky	021048
339	1	339.1	Approved	"Ashton Solutions 3.52""w x 1.1"""	Embroidery		A2J	mmintz	002607
340	1	340.1	Approved	"ArborChem 3.5""w x .83""h"	Embroidery		A24	vrowinsky	002133
341	1	341.1	Approved	"Phillips 4""w x 0.69""h"	Screen Print/Heat Transfer		T5K	vrowinsky	001448
342	1	342.1	Approved	"Phillips 11""w x 1.9""h"	Screen Print/Heat Transfer		T5L	mmintz	001448
343	1	343.1	Approved	Arbor Works 1C 4”w X 1.13”h	Screen Print/Heat Transfer		SPX	mmintz	006060
344	1	344.1	Approved	Lewis 7”w X 1.24”h	Screen Print/Heat Transfer		SE8	mmintz	001114
345	1	345.1	Approved	"Southern Line 2""w x 1.14""h"	Screen Print/Heat Transfer		SG1	mmintz	002121
346	1	346.1	Approved	"Ferguson Twp 2.66""w X 3""h"	Screen Print/Heat Transfer		RUE	mmintz	000690
347	1	347.1	Approved	"Pennline ®  8""w X 2.1""h"	Screen Print/Heat Transfer		RQZ	mmintz	002170
348	1	348.1	Approved	"Landscape Unlim. 3.5""w X 2.6""h"	Screen Print/Heat Transfer		RQ7	mmintz	002121
349	1	349.1	Approved	"A Cut Above 7""w x 2.25""h"	Screen Print/Heat Transfer			mmintz	020619
350	1	350.1	Approved	"Xylem Tree 4C  4""w x .80""h"	Screen Print/Heat Transfer		R7Z	mmintz	002102
351	1	351.1	Approved	Arbor Works 2C 4”w X 1.13”h	Screen Print/Heat Transfer		SPZ	vrowinsky	006060
352	1	352.1	Approved	"Davey Wickes 3.5""w x .98""h"	Screen Print/Heat Transfer		QAG	vrowinsky	002388
353	1	353.1	Approved	"Newton Parks 3.61""w X 3""h"	Screen Print/Heat Transfer		QF5	mmintz	001313
356	1	356.1	Approved	"PennLine Vinyl 7""w X 1.93""h"	Screen Print/Heat Transfer		GDE - Vinyl Sticker	vrowinsky	002170
357	1	357.1	Approved	Rainbow Pest 1C 3.53”w X 2.25”	Embroidery		BFC	mmintz	001527
358	1	358.1	Approved	Fiorilli Const. 2.18”w X 2.25”	Embroidery		B4S	mmintz	000697
359	1	359.1	Approved	Southview HAT 2.53”w X 2.2”h	Embroidery		BFA - HAT	vrowinsky	033403
360	1	360.1	Approved	"CAVS 3.78""w X 1.28""h"	Embroidery		AYU	vrowinsky	020619
361	1	361.1	Approved	"Illinois IAA 3.8""w x 2.31""h"	Embroidery		APQ	vrowinsky	000941
362	1	362.1	Approved	"Ferguson Township 2.66""w x 3""h"	Embroidery		B3K	vrowinsky	000690
363	1	363.1	Approved	"AEP 2.25""w x 1.5""h"	Embroidery		AD6 - Reduced No Tagline	mmintz	000113
364	1	364.1	Approved	"SavATree 3.01""w x .53""h"	Embroidery		A9R - Hat Back Straight	mmintz	002398
365	1	365.1	Approved	"Maltby and Co 3.96""w x 1.07""h"	Embroidery		A7M	mmintz	001161
366	1	366.1	Approved	"Kendall Vest 8.75""w x 1.86""h"	Screen Print/Heat Transfer		SFC *Use on XL+ Vests*	mmintz	040037
367	1	367.1	Approved	"City Of Lakewood 3""w x 0.72""h"	Embroidery		A3P	vrowinsky	001086
368	1	368.1	Approved	Moorhead 3.75”w X 0.30”h	Screen Print/Heat Transfer		SD4	mmintz	023426
369	1	369.1	Approved	Southern Line 3.5”w X 2”h	Screen Print/Heat Transfer		SBA	vrowinsky	002121
370	1	370.1	Approved	"Grass w/o Limits® 9""w x 9.19""h"	Screen Print/Heat Transfer		SCK	mmintz	000717
371	1	371.1	Approved	Aspen SAT 4.5”w X 2.16”h	Screen Print/Heat Transfer		S5E	mmintz	002398
372	1	372.1	Approved	Aspen SAT 9”w X 10.41”h	Screen Print/Heat Transfer		S5F	vrowinsky	002398
373	1	373.1	Approved	Xylem Tree Care 8”w X 2.24”h	Screen Print/Heat Transfer		S4T	mmintz	030799
374	1	374.1	Approved	Xylem Tree Care  11”w x 3.08”h	Screen Print/Heat Transfer		S4U	vrowinsky	030799
375	1	375.1	Approved	SavATree 7.5”w X 3.77”h	Screen Print/Heat Transfer		RXZ - Vest FB S & M	mmintz	002398
376	1	376.1	Approved	"Pennline ® 7""w X 1.86""h"	Screen Print/Heat Transfer		RRK	vrowinsky	002170
377	1	377.1	Approved	"Pennline ® 9""w X 2.4""h"	Screen Print/Heat Transfer		RRJ - PREMIUM HiViz	mmintz	002170
378	1	378.1	Approved	"Tri-State Bobcat 12""w x 4.28""h"	Screen Print/Heat Transfer		QA6	mmintz	001927
379	1	379.1	Approved	"Davey 145 Yrs 3.5""w x 2.74""h"	Screen Print/Heat Transfer		T34	vrowinsky	002388
380	1	380.1	Approved	"Tri-State Bobcat 5.1""w x 15""h"	Screen Print/Heat Transfer		QXK - 2021 Back Logos	mmintz	001927
381	1	381.1	Approved	"Monarch Tree 1C 4""w x 2.08""h"	Screen Print/Heat Transfer		Q6I	mmintz	002256
382	1	382.1	Approved	"Arb Hexagon 2.75""w x 2.21""h"	Hat Press Heat Press		L15 - Leather Patch	vrowinsky	003101
383	1	383.1	Approved	Geauga County 3.01”w X 3.01”h	Embroidery		BV2	mmintz	000761
384	1	384.1	Approved	"Monarch Tree 7""w x 3.62""h"	Screen Print/Heat Transfer		QSZ	vrowinsky	002256
385	1	385.1	Approved	Arbor Works 4.02”w X 1.16”h	Embroidery		BML	vrowinsky	006060
386	1	386.1	Approved	Moorhead 3.75”w X 0.33”h	Embroidery		BFY	mmintz	023426
387	1	387.1	Approved	Carroll Tree 2.77”w X 0.66”h	Embroidery		B7J - HAT Panel	vrowinsky	000388
388	1	388.1	Approved	"TCIA Staff 3.54""w x 3.43""h"	Embroidery		APG	vrowinsky	001817
389	1	389.1	Approved	"Philmont Staff 2.2""w x 1.94""h"	Embroidery		AHU	vrowinsky	001450
390	1	390.1	Approved	"Campo 3.5""w x 1""h"	Embroidery		AH2	vrowinsky	000367
391	1	391.1	Approved	"Tri-State Bobcat 4.21"" x 1.03"""	Embroidery		AB6	vrowinsky	030298
263	1	263.1	Approved	"Monster BR 2C 3.5""w x 2.3""h"	Screen Print/Heat Transfer		G4C	mmintz	002326
264	1	264.1	Approved	Arizona Conservation 3.5 x 3.5	Screen Print/Heat Transfer		S78	vrowinsky	027303
265	1	265.1	Approved	Arz Conservation 3”w X 3”h	Embroidery		B86	vrowinsky	027303
266	1	266.1	Approved	"Phillips J Hat 3.06""w x 2.47""h"	Embroidery		B79	mmintz	001448
267	1	267.1	Approved	"Xylem Kendall 8”w X 3.79""h"	Screen Print/Heat Transfer		SFD - Chaps	vrowinsky	002102
268	1	268.1	Approved	"Burfords 3.02""w X 3.16""h"	Screen Print/Heat Transfer		G1S	mmintz	002127
269	1	269.1	Approved	"Treeways 3.75""w X 0.97""h"	Embroidery		AYT	mmintz	020619
270	1	270.1	Approved	Premier 3.52”w X 1.98”h	Embroidery		BGY	vrowinsky	001488
271	1	271.1	Approved	"Integrity Tree 3.5""w x 1.35""h"	Embroidery		AVR Hat	mmintz	000962
272	1	272.1	Approved	ForeverLawn 4”w X 0.95”h	Embroidery		BFM	vrowinsky	000717
273	1	273.1	Approved	"CLE Metroparks 2.01""w x 1.86""h"	Embroidery		BCY - HAT	vrowinsky	000461
274	1	274.1	Approved	"Brookes Henderson 1.25"" x .9"""	Embroidery		B71	vrowinsky	002412
275	1	275.1	Approved	Integrity Tree 2.5”w X 1.06”h	Embroidery		BNR	vrowinsky	000963
276	1	276.1	Approved	"Integrity 1C Flag 3.5” X 2.02"""	Embroidery		BPV	mmintz	000963
277	1	277.1	Approved	"Camp Gravatt 3""w x 3.5""h"	Embroidery		ALC	vrowinsky	000366
278	1	278.1	Approved	"Kendall Veg. 3.75""w x 1""h"	Embroidery		A74	mmintz	040037
279	1	279.1	Approved	Davey Lewis 3.5”w X 1.66”h	Screen Print/Heat Transfer		SMF	vrowinsky	002388
280	1	280.1	Approved	ForeverLawn 9”w X 1.17”h	Screen Print/Heat Transfer		SCJ	mmintz	000717
281	1	281.1	Approved	"Arbor Tree 3.5”w X 1.4""h"	Screen Print/Heat Transfer		S3R	vrowinsky	002388
282	1	282.1	Approved	"McAllister GP 3.5""w x 1.12""h"	Screen Print/Heat Transfer		R42	mmintz	002121
283	1	283.1	Approved	"Xylem 8.75""w x 1.9""h"	Screen Print/Heat Transfer		QAT - Vest	vrowinsky	002102
284	1	284.1	Approved	"Xylem Hop 3""w X 2.62""h"	Screen Print/Heat Transfer		RFC	mmintz	002102
285	1	285.1	Approved	"Bear 2.75""w x 2.75""h"	Screen Print/Heat Transfer		G1N	mmintz	000949
286	1	286.1	Approved	"Arz Conservation 2.5”w x 2.5""h"	Hat Press Heat Press		GDG - PATCH	vrowinsky	027303
287	1	287.1	Approved	"Phillips & Jordan 4.02” x 0.7"""	Embroidery		BUR	vrowinsky	001448
288	1	288.1	Approved	One Asplundh (3C) 2”w X 1.49”h	Embroidery		BTB	mmintz	002127
289	1	289.1	Approved	Wachtel HAT 4.01”w X 2.24”h	Embroidery		BEG	mmintz	002016
290	1	290.1	Approved	"Phillips & Jordan 9""w x 1""h"	Screen Print/Heat Transfer		T2Y - HVSA	vrowinsky	001448
291	1	291.1	Approved	"Kendall Vest 5.75""w x 1.22""h"	Screen Print/Heat Transfer		SFB *Use on M & L Vests*	mmintz	040037
292	1	292.1	Approved	"Phillips & Jordan 3""w x 0.52""h"	Screen Print/Heat Transfer		T2X	vrowinsky	001448
293	1	293.1	Approved	"Maverick Envir. 12""w x 8.15""h"	Screen Print/Heat Transfer		S7P	mmintz	001180
294	1	294.1	Approved	"Maverick Environ 4""w x 1.53""h"	Screen Print/Heat Transfer		S7N	vrowinsky	001180
295	1	295.1	Approved	"Maverick Envir. 12""w x 2.83""h"	Screen Print/Heat Transfer		S7Q	mmintz	001180
296	1	296.1	Approved	SavATree  4”w X 2”h	Screen Print/Heat Transfer		RXY - Pocket Logo	vrowinsky	002398
297	1	297.1	Approved	"SavATree 8.5”w x 4.27""h"	Screen Print/Heat Transfer		RY1 - Vest (L & Up)	vrowinsky	002398
298	1	298.1	Approved	"Safety Operations 3.25"" x 2.6"""	Screen Print/Heat Transfer		RWW - Left Leg Screen	vrowinsky	002127
299	1	299.1	Approved	"Rainbow Eco 1C 3.6""w x 2.2""h"	Screen Print/Heat Transfer		GD8	mmintz	001527
300	1	300.1	Approved	"Monarch 4""w x 2.08""h"	Screen Print/Heat Transfer		QYJ	vrowinsky	002256
301	1	301.1	Approved	"SavATree 3.06""w x .82""h"	Embroidery		A9Q - Hat Back	vrowinsky	002398
302	1	302.1	Approved	"Davey Lewis 3.49”w X 1.68h"""	Embroidery		BLR	mmintz	002388
303	1	303.1	Approved	Arbor MD 3.78”w X 2.07”h	Embroidery		B7Q	mmintz	026168
304	1	304.1	Approved	"CLARENDON HILLS 3.5""w X 0.87""w"	Embroidery		ART	vrowinsky	012958
305	1	305.1	Approved	Ironwood 7”w X 3.39”h	Screen Print/Heat Transfer		RXS - HVSA	vrowinsky	014905
306	1	306.1	Approved	"UAA Horizontal 4""w x 1.5""h"	Embroidery		AR2	mmintz	002174
307	1	307.1	Approved	"Treesmiths 7""w X 2.92""h"	Screen Print/Heat Transfer		RPL	vrowinsky	020619
308	1	308.1	Approved	"NG Gilbert Safety 3.5""w X 2""h"	Screen Print/Heat Transfer		RQ8	mmintz	002121
309	1	309.1	Approved	"Premier 3""w x 3.48""h"	Screen Print/Heat Transfer		QTT	vrowinsky	001488
310	1	310.1	Approved	"Safety Operations 3.5""w x 2.8"""	Screen Print/Heat Transfer		G7R	vrowinsky	002127
311	1	311.1	Approved	"Native 3.75""w X 0.63""h"	Embroidery		AZ5 - HAT	vrowinsky	020810
312	1	312.1	Approved	"Casey Trees 4""w X 3.48""h"	Embroidery		ASH	vrowinsky	000391
313	1	313.1	Approved	"Tree 133 4""w x 1.64""h"	Embroidery		AQG	vrowinsky	012121
314	1	314.1	Approved	"Summit Landscape 3.25""w x 2.8"""	Embroidery		AJ6	vrowinsky	001783
316	1	316.1	Approved	"Carroll Tree 4""w x 0.9""h"	Embroidery		A3E	mmintz	000388
317	1	317.1	Approved	"Almstead 2.64""w x 2.68""h"	Embroidery		A1T 13930325	mmintz	000092
318	1	318.1	Approved	"Southview Design 3.75” x 3.28"""	Screen Print/Heat Transfer		SBR	vrowinsky	033403
319	1	319.1	Approved	Southview Design 11”w X 6”h	Screen Print/Heat Transfer		SBS	mmintz	033403
320	1	320.1	Approved	Rainbow Companies 4”w X 1.5”h	Screen Print/Heat Transfer		RY6	vrowinsky	001527
321	1	321.1	Approved	SavATree HV 7”w X 3.47”h	Screen Print/Heat Transfer		S46	mmintz	002398
322	1	322.1	Approved	"Arbormetrics 4""w X 1.82""h"	Screen Print/Heat Transfer		RPG	mmintz	002167
323	1	323.1	Approved	"Arbor Masters Icon 6""w x 6""h"	Screen Print/Heat Transfer		QF4	mmintz	000172
324	1	324.1	Approved	"Phillips & Jordan 2.75"" x 2.39"	Screen Print/Heat Transfer		RE6	vrowinsky	001448
325	1	325.1	Approved	"Xylem 5.75""w x 1.25""h"	Screen Print/Heat Transfer		QAS - Vest	mmintz	002102
326	1	326.1	Approved	"Mainscape 9""w x 3.84""h"	Screen Print/Heat Transfer		G8R - Vest	vrowinsky	001156
327	1	327.1	Approved	Birchcrest 3.52”w X 1.08”h	Embroidery		BTY	vrowinsky	002121
206	1	206.1	Approved	"Monster 3C 5""w X 3.5""h"	Screen Print/Heat Transfer		RR7	vrowinsky	002326
207	1	207.1	Approved	"Summit Landscape 3.25"" x 2.89"""	Screen Print/Heat Transfer		RB5	vrowinsky	022905
208	1	208.1	Approved	"Mobilize Green 10""w x 2.4""h"	Screen Print/Heat Transfer		QTX	vrowinsky	002346
209	1	209.1	Approved	Mobilize Green 11”w X 1.53”h	Screen Print/Heat Transfer		S2M	vrowinsky	002346
210	1	210.1	Approved	"Chippers - Davey 3.5""w x 3""h"	Screen Print/Heat Transfer		QPJ	vrowinsky	002388
211	1	211.1	Approved	"SCA Conservation 9.5""w x 5.12"""	Screen Print/Heat Transfer		Q8R	vrowinsky	034240
212	1	212.1	Approved	"THESCA.org 6""w x 1.2""h"	Screen Print/Heat Transfer		Q8L	vrowinsky	034240
213	1	213.1	Approved	"Wright Tree 2.25""w x 2.8""h"	Screen Print/Heat Transfer		QAM	mmintz	002095
214	1	214.1	Approved	"Monster Brown 5""w x 3.5""h"	Screen Print/Heat Transfer		G4B	vrowinsky	002326
215	1	215.1	Approved	"Bartlett Safety MX 4""w x 2.3""h"	Embroidery		B6N	mmintz	002385
216	1	216.1	Approved	"Davey RG 2.5""w x 1.25""h"	Embroidery		AKH	vrowinsky	002387
217	1	217.1	Approved	"Growth Solutions 2.19""w x 3""h"	Embroidery		AF5	vrowinsky	001527
218	1	218.1	Approved	"Monster PHC 5""w X 2.63""h"	Screen Print/Heat Transfer		S6F	vrowinsky	002326
219	1	219.1	Approved	"Brookes & Henderson 2.5"" X 2.2"	Screen Print/Heat Transfer		RD5	vrowinsky	002412
220	1	220.1	Approved	"Monster 12""w x 3.83""h"	Screen Print/Heat Transfer		Q6K	vrowinsky	002326
221	1	221.1	Approved	"Monster 3C 11""w X 9.2""h"	Screen Print/Heat Transfer		RHT	vrowinsky	002326
222	1	222.1	Approved	"Nelson HiViz 3""w x 1.25""h"	Screen Print/Heat Transfer		G4H	vrowinsky	001290
223	1	223.1	Approved	"Southview Design 3.77"" x 3.29"""	Embroidery		BF5	vrowinsky	033403
224	1	224.1	Approved	"Lucas Trim 12""w x 2.5""h"	Screen Print/Heat Transfer		GAF	mmintz	001140
225	1	225.1	Approved	Southern Line 3.5”w X 2.06”h	Embroidery		BEV	vrowinsky	002121
227	1	227.1	Approved	Aspen SAT 4”w X 1.93”h	Embroidery		B9V - HAT	vrowinsky	002398
228	1	228.1	Approved	"McAllister 3.5""w x 1.12""h"	Embroidery		AD3	vrowinsky	002121
229	1	229.1	Approved	"Row Care 2.99""w x .56""h"	Embroidery		A9D	vrowinsky	002121
230	1	230.1	Approved	Lucas Tree 3.5”w X 1.39”h	Embroidery		BSU	vrowinsky	001140
231	1	231.1	Approved	"Lewis Hat 3.5""w x 0.63""h"	Embroidery		BCU	vrowinsky	001114
232	1	232.1	Approved	"Xylem Tree Care 3.5""w X 1""h"	Embroidery		B8F	vrowinsky	030799
233	1	233.1	Approved	"Landscape Unlim. 4""w x 2.8""h"	Embroidery		AQ6	mmintz	002121
235	1	235.1	Approved	"AmeriCorps 3""w x 2.06""h"	Screen Print/Heat Transfer		QV5	mmintz	002118
236	1	236.1	Approved	"ISA Utility Spec 2""w x 3.5""h"	Screen Print/Heat Transfer		G7F	vrowinsky	021048
237	1	237.1	Approved	"DiGeronimo Companies 4""w x .5"""	Screen Print/Heat Transfer		G3A	vrowinsky	000949
238	1	238.1	Approved	"Rainbow Co. 3.51""w x 1.36""h"	Embroidery		B6R	mmintz	001527
239	1	239.1	Approved	"Town of Parker 4""w x 1.17""h"	Embroidery		AAK	mmintz	001417
240	1	240.1	Approved	"Monster Brown 3.73""w x 1.38""h"	Embroidery		A7U	vrowinsky	002326
241	1	241.1	Approved	"Marine Solutions 12""w x 8.4""h"	Screen Print/Heat Transfer		RKQ	vrowinsky	001167
242	1	242.1	Approved	"Marine Solutions 3.5""w x 1.2""h"	Screen Print/Heat Transfer		RKI	mmintz	001167
243	1	243.1	Approved	"Trees ST 1.88""w x 3""h"	Screen Print/Heat Transfer		G6F Screen Transfer in Green	mmintz	002127
244	1	244.1	Approved	"Xylem 12""w x 2.6""h"	Screen Print/Heat Transfer		QAP	vrowinsky	002102
245	1	245.1	Approved	"Xylem Sleeve 2.2""w x 13""h"	Screen Print/Heat Transfer		QAR	vrowinsky	002102
246	1	246.1	Approved	"Cumberland Valley 4""w x 2""h"	Screen Print/Heat Transfer		G25	mmintz	000527
247	1	247.1	Approved	"SavATree 5 Yrs 3.49""w x 2.08""h"	Embroidery		BWC	vrowinsky	002398
248	1	248.1	Approved	"SAT Arborscapes 4.01""w x 2.63"""	Embroidery		BDW	vrowinsky	002398
249	1	249.1	Approved	SavATree Care 4.50”w X 2.23”h	Screen Print/Heat Transfer		2C RWR	mmintz	002398
250	1	250.1	Approved	SAT Sussex Hat 3”w X 2”h	Embroidery		BFG	mmintz	002398
251	1	251.1	Approved	"Scientists in Parks 12"" x 5.2"""	Screen Print/Heat Transfer		QR7	vrowinsky	002389
252	1	252.1	Approved	"Scientists in Parks 3.5"" x 4"""	Screen Print/Heat Transfer		QQI	mmintz	002389
253	1	253.1	Approved	Feeling Chipper 10”w X 8.72”h	Screen Print/Heat Transfer		SXC	vrowinsky	002388
254	1	254.1	Approved	"Ironwood 3.5""w X 1.7""h"	Embroidery		ASV	mmintz	014905
255	1	255.1	Approved	Xylem Tree Care 3.5”w X 1”h	Screen Print/Heat Transfer		S41	vrowinsky	030799
256	1	256.1	Approved	"Rainbow Treecare 13""w x 9.14""h"	Screen Print/Heat Transfer		Q7Y	vrowinsky	001527
257	1	257.1	Approved	Mobilize Green 7.4”w x 10”h	Screen Print/Heat Transfer		SF3	mmintz	002346
258	1	258.1	Approved	"Cumberland Valley 4""w x 2.03""h"	Embroidery		B2C no fill	mmintz	000527
259	1	259.1	Approved	"Philmont Bottoms 1.61"" x 1.99"""	Embroidery		AHT	mmintz	001450
260	1	260.1	Approved	"Arbor Tree 3.5”w X 1.4""h"	Embroidery		B8X	vrowinsky	002388
261	1	261.1	Approved	"Newton Parks 2.8""w x 2.48""h"	Embroidery		AFW	vrowinsky	001313
262	1	262.1	Approved	"Arborguard 3.5""w x 2.51""h"	Embroidery		AFE	vrowinsky	002388
202	1	202.1	Approved	"Asplundh Infras 3.5""w x 0.79""h"	Screen Print/Heat Transfer		RWX	vrowinsky	002127
203	1	203.1	Approved	"Arborguard 3.5""w x 2.47""h"	Screen Print/Heat Transfer		Q1C	vrowinsky	002388
204	1	204.1	Approved	"ISA Future Arborist 4""w x 3.4"""	Screen Print/Heat Transfer		QFK	vrowinsky	021048
205	1	205.1	Approved	"Chippers 3.5""w x 3""h"	Embroidery		APX - HAT	vrowinsky	002388
155	1	155.1	Approved	"Safety Ops Group 3.19"" x 2.54"""	Embroidery		AEI	vrowinsky	002127
156	1	156.1	Approved	"Mainscape TXT 4.01""w x 0.56""h"	Embroidery		C4T	mmintz	001156
157	1	157.1	Approved	MyScape Sleeve 3.51”w X 0.76”h	Embroidery		C4U	mmintz	001156
158	1	158.1	Approved	"Wright Tree 2.24""w x 2.83""h"	Embroidery		ABY - Please use Green as the thread colors	vrowinsky	002095
159	1	159.1	Approved	"Mainscape Slv 3.51”w X 1.52""h"	Embroidery		C4V Sleeve	mmintz	001156
160	1	160.1	Approved	"Phillips & Jordan 9""w x 7.8""h"	Screen Print/Heat Transfer		RLE	vrowinsky	001448
161	1	161.1	Approved	Sunrise Tree 9.24”w X 11”h	Screen Print/Heat Transfer		THS	mmintz	003219
162	1	162.1	Approved	"Sunrise Tree 2.94”w x 3.5""h"	Screen Print/Heat Transfer		THP	mmintz	003219
163	1	163.1	Approved	Sunrise Tree HVSA 6.72”w x 8”h	Screen Print/Heat Transfer		THZ	mmintz	003219
164	1	164.1	Approved	"Nelson 3""w x 1.25""h"	Screen Print/Heat Transfer		G4I	vrowinsky	001290
165	1	165.1	Approved	"Bartlett Shield 1.77""w x2.26""h"	Embroidery		AYF  Hat	mmintz	002120
166	1	166.1	Approved	"Independence Demo 2.77"" x 2.3"""	Embroidery		A6F	vrowinsky	000949
167	1	167.1	Approved	Joshua Tree 3.5”w x 1.84”h	Screen Print/Heat Transfer		S4R	mmintz	002938
168	1	168.1	Approved	Joshua Tree 11”w x 5.78”h	Screen Print/Heat Transfer		S4S	mmintz	002938
169	1	169.1	Approved	"Pennline ® 2C 4""w X 1""h"	Screen Print/Heat Transfer		RRI	vrowinsky	002170
171	1	171.1	Approved	"ISA BCMA 1C 2""w x 3""h"	Screen Print/Heat Transfer		R39	mmintz	021048
172	1	172.1	Approved	"Asplundh Infras 3.54""w x .85""h"	Embroidery		B61	vrowinsky	002127
174	1	174.1	Approved	"Trees, LLC 1.26""w x 2.02""h"	Embroidery		AB3	vrowinsky	002127
175	1	175.1	Approved	"AmeriCorps 3.5""w x 2.42""h"	Embroidery		AN8	vrowinsky	034240
176	1	176.1	Approved	"ISA member 3""w X 3""h"	Screen Print/Heat Transfer		RT6	vrowinsky	021048
177	1	177.1	Approved	"ISA Member 3.02""w x 3.02""h"	Embroidery		B2Q	mmintz	021048
178	1	178.1	Approved	"NGG Gilbert 3.75""w x 1.6""h"	Screen Print/Heat Transfer		Q6X - 1C & 2C	vrowinsky	002121
179	1	179.1	Approved	Wright HVSA 7”w X 8.76”h	Screen Print/Heat Transfer		SL8	vrowinsky	002095
180	1	180.1	Approved	"Phillips & Jordan 3.02""x 2.39"""	Embroidery		B1G	mmintz	001448
181	1	181.1	Approved	"Independence Demo 2.75""x2.25"""	Screen Print/Heat Transfer		G39	mmintz	000949
182	1	182.1	Approved	"Rainbow TreeCare 4""w x 2.4""h"	Screen Print/Heat Transfer		QB6	vrowinsky	001527
184	1	184.1	Approved	"Monarch Tree 3.51""w x 1.83""h"	Embroidery		AII	mmintz	002256
185	1	185.1	Approved	"Utility Tree 3.75”w x 2.1""h"	Embroidery		B7R	vrowinsky	002127
186	1	186.1	Approved	"Townsend Arborcare 4""w x 1.79"""	Embroidery		ANK	mmintz	002121
187	1	187.1	Approved	"Monster PHC 3.75""w x 2""h"	Embroidery		BA5 (Two DSTs)	vrowinsky	002326
189	1	189.1	Approved	"Arbor Masters 6""w x 3.6""h"	Screen Print/Heat Transfer		QF3	mmintz	019448
190	1	190.1	Approved	"SavATree Hat 3.99""w x 1.6""h"	Embroidery		A9P	mmintz	002398
191	1	191.1	Approved	"Phillips 8""w x 1.38""h"	Screen Print/Heat Transfer		T5M - HVSA	vrowinsky	001448
192	1	192.1	Approved	SavATree Care 4.50”w X 2.23”h	Screen Print/Heat Transfer		RWJ	mmintz	002398
193	1	193.1	Approved	"Americorps 2.5""w x 1.72""h"	Screen Print/Heat Transfer		QLG	vrowinsky	002397
194	1	194.1	Approved	"Monster 3.5""w x 2.3""h"	Screen Print/Heat Transfer		(G4E Obsolete) S65	mmintz	002326
196	1	196.1	Approved	"Progressive RE 3.48""w x .89""h"	Embroidery		A8Z	mmintz	001507
197	1	197.1	Approved	"Lucas Tree 2.45""w x 2.28""h"	Embroidery		AYN - HAT	vrowinsky	001140
198	1	198.1	Approved	"Phillips & Jordan 2.75” X 2.6"""	Screen Print/Heat Transfer		RWU	vrowinsky	001448
199	1	199.1	Approved	"Phillips & Jordan 11”w x 5.15"""	Screen Print/Heat Transfer		RWV	vrowinsky	001448
200	1	200.1	Approved	"Townsend SF 1C 3.75""w x 2.4""h"	Screen Print/Heat Transfer		Q9V	vrowinsky	002121
201	1	201.1	Approved	"Lake Metro 2.02""w x 1.67""h"	Embroidery		A79 - HATS	vrowinsky	002393
126	1	126.1	Approved	"Rainbow Eco 3.29""w x 2.07""h"	Embroidery		AQL	vrowinsky	001527
127	1	127.1	Approved	"Phillips & Jordan 7”w x 6.1""h"	Screen Print/Heat Transfer		RWN - HVSA	vrowinsky	001448
128	1	128.1	Approved	"Pennline ® 1C 4""w X 1""h"	Screen Print/Heat Transfer		RRH	vrowinsky	002170
129	1	129.1	Approved	"Mainscape 4.01""w x 1.7""h"	Screen Print/Heat Transfer		Q62	vrowinsky	001156
130	1	130.1	Approved	"DiGeronimo Comp 4”w X 0.8""h"	Embroidery		B9D	vrowinsky	000949
131	1	131.1	Approved	"Brookes & Hend 2.5""w X 2.2""h"	Embroidery		ATR	vrowinsky	002412
132	1	132.1	Approved	"CNAC 3.92""w x 0.76""h"	Embroidery		AJY	vrowinsky	000995
133	1	133.1	Approved	Lucas 3.5”w X 1.33”h	Screen Print/Heat Transfer		SYR	vrowinsky	001140
134	1	134.1	Approved	"ISA BCMA 1.5""w x 2.61""h"	Embroidery		A6P	vrowinsky	021048
135	1	135.1	Approved	"SIP NPS 1.8""w x 2.26""w"	Embroidery		AIV HAT	mmintz	002389
136	1	136.1	Approved	"Lake Metroparks 2.5""w x 2.08""h"	Screen Print/Heat Transfer		G3W	vrowinsky	002393
137	1	137.1	Approved	"Independence Const. 4""w x 1""h"	Screen Print/Heat Transfer		G38	mmintz	000949
138	1	138.1	Approved	Southview 3”w X 2.61”h	Embroidery		BS9	vrowinsky	033403
140	1	140.1	Approved	"Lake Metro 2.51""w x 2.09""h"	Embroidery		A7A	vrowinsky	002393
141	1	141.1	Approved	"Bartlett 7""w x 2.72""h"	Screen Print/Heat Transfer		QQH	mmintz	002120
142	1	142.1	Approved	"ArborMetrics 4.02""w x 1.79""h"	Embroidery		A27	mmintz	002167
143	1	143.1	Approved	"Western Reserve 3.01""w x 2.8""h"	Embroidery		ABL	vrowinsky	002045
145	1	145.1	Approved	"Bartlett FB 10""w x 3.8""h"	Screen Print/Heat Transfer		Q2B	vrowinsky	002120
146	1	146.1	Approved	"SIP NPS 2.5""w x 3.1""h"	Embroidery		AIU	mmintz	002389
147	1	147.1	Approved	"Wright Safety 3.23""w x 2.83""h"	Embroidery		ABV	vrowinsky	002091
148	1	148.1	Approved	"Hartney Greymont 3.5""w x 3.9""h"	Screen Print/Heat Transfer		Q55	vrowinsky	002388
149	1	149.1	Approved	"Brightview HAT 3.51""w x 1.28""h"	Embroidery		A37	vrowinsky	000332
150	1	150.1	Approved	"Wright Safety 3.23""w x 2.83""h"	Screen Print/Heat Transfer		G6X - Logo Colors should be Black/ White and Green	vrowinsky	037078
151	1	151.1	Approved	"Asplundh 6""w x .80""h"	Screen Print/Heat Transfer		G1I	vrowinsky	002127
152	1	152.1	Approved	"Hartney Greymont 3.5""w x 4""h"	Embroidery		AFH	vrowinsky	002388
153	1	153.1	Approved	"SCA Hats 1.33""w x 2.02""h"	Embroidery		A9V	vrowinsky	034240
154	1	154.1	Approved	"Utility Tree 3.75”w x 2.14""h"	Screen Print/Heat Transfer		S1U	vrowinsky	002127
103	1	103.1	Approved	"Marine Solutions 12""w x 8.4""h"	Screen Print/Heat Transfer		Q68	vrowinsky	001167
104	1	104.1	Approved	"Lucas 2.89""w x 2.75""h"	Embroidery		A7H	vrowinsky	001140
105	1	105.1	Approved	Joshua Tree 3.5”w X 1.85”h	Embroidery		B9F	vrowinsky	002938
106	1	106.1	Approved	"Arbor Metrics 4""w x 1.65""h"	Screen Print/Heat Transfer		SUZ	vrowinsky	002127
107	1	107.1	Approved	"Lucas 4""w x 3.25""h"	Screen Print/Heat Transfer		G44	vrowinsky	001140
108	1	108.1	Approved	"Nelson HVSA 7""w X 3""h"	Screen Print/Heat Transfer		RMS	vrowinsky	001290
109	1	109.1	Approved	"Stanley Tree 2.9""w X 2""h"	Screen Print/Heat Transfer		Q97	vrowinsky	002171
110	1	110.1	Approved	"Stanley Tree 9""w X 10.39""h"	Screen Print/Heat Transfer		G5V	vrowinsky	002171
111	1	111.1	Approved	SavATree HAT  4”w X 1.84”h	Embroidery		BHK	vrowinsky	002398
112	1	112.1	Approved	"Bartlett Shield 1C 3""w x 3.8""h"	Screen Print/Heat Transfer		Q2C	vrowinsky	002120
113	1	113.1	Approved	"Rainbow Treecare 3.5""w x 2.13"""	Embroidery		A94	vrowinsky	001527
114	1	114.1	Approved	"Mainscape 4.01""w x 1.76""h"	Embroidery		A7L	vrowinsky	001156
115	1	115.1	Approved	"Monster 5""w X 3.5""h"	Screen Print/Heat Transfer		S64 (G4D (Obsolete))	vrowinsky	002326
116	1	116.1	Approved	"Stewards Circle 3""w x 3""h"	Screen Print/Heat Transfer		Q9B	vrowinsky	002397
117	1	117.1	Approved	"Stewards Horiz 9.5""w x 2.25""h"	Screen Print/Heat Transfer		Q9C	vrowinsky	002397
119	1	119.1	Approved	"Progressive 3.51""w x .43""h"	Embroidery		A8Y	vrowinsky	001507
120	1	120.1	Approved	"Real Estate 3”w X 1.64""h"	Embroidery		BI6	vrowinsky	001507
121	1	121.1	Approved	"ISA Hats 3.80""w x 2.25""h"	Embroidery		ACH	vrowinsky	021048
123	1	123.1	Approved	"NG Gilbert 3.01""w x 1.33""h"	Embroidery		A8D	vrowinsky	002121
124	1	124.1	Approved	"DECCO 2.01""w x 1.81""h"	Screen Print/Heat Transfer		QFJ	vrowinsky	002429
125	1	125.1	Approved	"Arbor Masters 3.75""w x 2.25""h"	Embroidery		A22	mmintz	000172
100	1	100.1	Approved	"CVA Stewards 2.26""w x 2.26""h"	Embroidery		AIS	vrowinsky	002397
101	1	101.1	Approved	"CVA Americorps 3.5"" W x 2.42"""	Embroidery		AIT	vrowinsky	002397
102	1	102.1	Approved	"Marine Solutions 3.5"" W x 1.2"""	Screen Print/Heat Transfer		Q69	vrowinsky	001167
67	1	67.1	Approved	"Asplundh 3.18""w x .66""h"	Embroidery		A2L	vrowinsky	002127
68	1	68.1	Approved	SavATree 3.5”w X 1.62”h	Embroidery		BGT	vrowinsky	002398
69	1	69.1	Approved	"Townsend 3.01""w x 1.57""h"	Embroidery		AAL	vrowinsky	002121
70	1	70.1	Approved	"Xylem 3.5""w x .78""h"	Embroidery		AC2	vrowinsky	002102
71	1	71.1	Approved	"Asplundh 3.18""w x .45""h"	Screen Print/Heat Transfer		G1J	vrowinsky	002127
72	1	72.1	Approved	"Lewis 2.5""w X .5""h"	Screen Print/Heat Transfer		RPC	vrowinsky	001114
74	1	74.1	Approved	"Marine Solutions 3.27""w x 2.3h"	Embroidery		A7P	vrowinsky	001167
75	1	75.1	Approved	"SCA 1.99""w x 3.02""h"	Embroidery		A9U	vrowinsky	034240
76	1	76.1	Approved	"Lewis 2.5""w X .47"""	Embroidery		AZT	vrowinsky	001114
77	1	77.1	Approved	"Certified Arb 1.69""w x 2.59""h"	Embroidery		A3H	vrowinsky	021048
78	1	78.1	Approved	Arbor Metrics 4.02”w X 1.76”h	Embroidery		BQG - HAT	vrowinsky	002127
79	1	79.1	Approved	"Bartlett 4""w x 1.5""h"	Screen Print/Heat Transfer		Q2A	vrowinsky	002120
80	1	80.1	Approved	"DECCO 2.01""w x 1.81""h"	Embroidery		AG2	vrowinsky	002429
81	1	81.1	Approved	"SCA 1.83""w x 2.50""h"	Screen Print/Heat Transfer		Q8M	vrowinsky	034240
82	1	82.1	Approved	"Xylem Tree 4""w x .80""h"	Screen Print/Heat Transfer		G74	vrowinsky	030799
83	1	83.1	Approved	"Stanley Tree 2.9""w x 2.25""h"	Embroidery		AA5	vrowinsky	002171
84	1	84.1	Approved	"PennLine 3.01""w x 0.86""h"	Embroidery		A8U	vrowinsky	002170
85	1	85.1	Approved	"Independence Ex 2.75""w x 2.51"""	Embroidery		A6G	vrowinsky	000949
86	1	86.1	Approved	SavATree 4”w X 1.98”h	Embroidery		B5H	vrowinsky	002398
87	1	87.1	Approved	"Monster 3.73""w x 1.38""h"	Embroidery		(A7Y Obsolete code) - BA4	vrowinsky	002326
88	1	88.1	Approved	"Nelson 3.02""w x 1.30""h"	Embroidery		A88	vrowinsky	001290
89	1	89.1	Approved	"Independence Ex 2.6""w x 2.2""h"	Screen Print/Heat Transfer		G3B	vrowinsky	000949
90	1	90.1	Approved	"ISA Certified Arb 2""w x 3.5""h"	Screen Print/Heat Transfer		Q32 - Need Green Added as Color way!	vrowinsky	021048
91	1	91.1	Approved	"Independence Con 4.01""w x 1.09"	Embroidery		A6E	vrowinsky	000949
92	1	92.1	Approved	"Mobilize Green 4""w x 1""h"	Embroidery		A7T	vrowinsky	002346
93	1	93.1	Approved	"Xylem Tree 1C 4""w x .8""h"	Screen Print/Heat Transfer		QAQ	vrowinsky	030799
94	1	94.1	Approved	"JDB NOW 4""w X 0.57""h"	Embroidery		AJX	vrowinsky	000995
95	1	95.1	Approved	SavATree 3.5”w X 1.59”h	Screen Print/Heat Transfer		SGG	vrowinsky	002398
96	1	96.1	Approved	SavATree 4.5”w X 2.04”h	Screen Print/Heat Transfer		SGI	vrowinsky	002398
97	1	97.1	Approved	SavATree 13.5”w X 6.13”h	Screen Print/Heat Transfer		SGK	vrowinsky	002398
98	1	98.1	Approved	"Townsend 1C 3.75""w x 1.9""h"	Screen Print/Heat Transfer		Q9Q	vrowinsky	002121
99	1	99.1	Approved	CVA National Park 3.25 x 3.25	Embroidery		AIR	vrowinsky	002397
66	1	66.1	Open	"Bartlett 4.06""w x 1.48""h"	Embroidery		A2S	vrowinsky	002385
59	1	59.1	Approved	"Davey SEED Campus K 3”w X 1.7"""	Screen Print/Heat Transfer		SLG	vrowinsky	002388
60	1	60.1	Approved	"Davey Star Res 10”w X 7.03""h"	Screen Print/Heat Transfer		SLI	vrowinsky	002388
61	1	61.1	Approved	Davey VanCuren 3.5”w X 2.24”h	Screen Print/Heat Transfer		SLU	vrowinsky	002388
62	1	62.1	Approved	Davey VanCuren 3.5”w X 2.21”h	Embroidery		BJV	vrowinsky	002388
63	1	63.1	Approved	Davey Wise Oak 3.5”w X 1.65”h	Embroidery		BK8	vrowinsky	002388
64	1	64.1	Approved	Davey Wise Oak 3.5”w X 1.68”h	Screen Print/Heat Transfer		SME	vrowinsky	002388
65	1	65.1	Approved	"Davey Star 2""w x 1.3""h"	Screen Print/Heat Transfer			vrowinsky	002388
43	1	43.1	Approved	"Davey Arboristry 2.5”w x .92""h"	Embroidery		B2S	vrowinsky	002388
44	1	44.1	Approved	"Davey Arboristry 3.5""w x 1.2""h"	Embroidery		B2R	vrowinsky	002388
45	1	45.1	Approved	"Davey Arboristry 3.5""w x 1.18"""	Screen Print/Heat Transfer		RTB	vrowinsky	002388
46	1	46.1	Approved	"Lusk Davey 2.8""w x 4""h"	Screen Print/Heat Transfer		RV9	vrowinsky	002388
47	1	47.1	Approved	Lusk Davey 2.84”w X 4.01”h	Embroidery		B42	vrowinsky	002388
48	1	48.1	Approved	"Factors & Forces 3.5”w X 2.71"""	Screen Print/Heat Transfer		RXH	vrowinsky	002388
49	1	49.1	Approved	"Factors & Forces 11""w x 6.48""h"	Screen Print/Heat Transfer		RXI	vrowinsky	002388
50	1	50.1	Approved	Davey IAP 3.5”w X 1.25”h	Screen Print/Heat Transfer		SC4	vrowinsky	002388
51	1	51.1	Approved	Davey Work Care 7”w X 1.51”h	Screen Print/Heat Transfer		SC5	vrowinsky	002388
52	1	52.1	Approved	Davey Institute 2.52”w X 1.2”h	Embroidery		BG8	vrowinsky	002388
53	1	53.1	Approved	"US Army Davey 2.53w"" x 3.26""h"	Embroidery		BB5	vrowinsky	002388
54	1	54.1	Approved	Davey Arbor Ally 3”w X .94”h	Screen Print/Heat Transfer		SD5	vrowinsky	002388
55	1	55.1	Approved	Davey STAR  3”w X 1.94”h	Screen Print/Heat Transfer		SEL	vrowinsky	002388
56	1	56.1	Approved	Davey STAR 3.01”w X 1.98”h	Embroidery		BGD	vrowinsky	002388
57	1	57.1	Approved	"Davey STAR 10""w x 6.43""h"	Screen Print/Heat Transfer		SF4	vrowinsky	002388
58	1	58.1	Approved	Davey Wickes 8”w X 2.24”h	Screen Print/Heat Transfer		SEA	vrowinsky	002388
29	1	29.1	Approved	"Davey 4""w x 1.2""h"	Screen Print/Heat Transfer	CENTER CHEST	Q3R	vrowinsky	002388
30	1	30.1	Approved	"Davey RG 3.25""w x 1.5""h"	Screen Print/Heat Transfer		Q3T	vrowinsky	002388
31	1	31.1	Approved	Davey RG HVSA 7”w X 3.52”h	Screen Print/Heat Transfer		RWE	vrowinsky	002388
32	1	32.1	Approved	"Davey RG 3.5""w x 1.75""h"	Screen Print/Heat Transfer		QEM	vrowinsky	002388
33	1	33.1	Approved	"Davey RG 3.51""w x 1.76""h"	Embroidery		AFC	vrowinsky	002388
34	1	34.1	Approved	"Davey Commercial 2.5""w X .78""h"	Embroidery		A4E	vrowinsky	002388
35	1	35.1	Approved	"Davey Institute 3.1""w X 1.39""h"	Embroidery		AVZ	vrowinsky	002388
36	1	36.1	Approved	"NATS Davey 3.5""w X 2.27""h"	Embroidery		AYP	vrowinsky	002388
37	1	37.1	Approved	"NATS Davey 3.5""w X 2.27""h"	Screen Print/Heat Transfer		RKY	vrowinsky	002388
38	1	38.1	Approved	"Wetland Studies 3.5""w X 1.56""h"	Screen Print/Heat Transfer		RL2	vrowinsky	002388
39	1	39.1	Approved	"Cortese Davey 3.5""w X 2.47"""	Embroidery		AYR	vrowinsky	002388
40	1	40.1	Approved	"Cortese Davey 3.5""w x 2.35""h"	Screen Print/Heat Transfer		RL3	vrowinsky	002388
27	1	27.1	Approved	Langs 3.52”w X 2.62”h	Embroidery		BT9	vrowinsky	002398
25	1	25.1	Approved	"Townsend SF 3.75""w x 2.40""h"	Screen Print/Heat Transfer		"Q9W Townsend Safety First 3.75""W x 2.40""H"	vrowinsky	002121
26	1	26.1	Approved	"Townsend SF 3.01""W x 2.20""H"	Embroidery		"AAU Townsend SF 3.01""W x 2.20""H"	vrowinsky	002121
23	1	23.1	Approved	"Davey 3.5""w x 1.09""w"	Screen Print/Heat Transfer		Q3Q	vrowinsky	002388
24	1	24.1	Approved	"Davey ITS 3.57""w X 1.43""h"	Embroidery		AVY	vrowinsky	002388
22	1	22.1	Approved	Davey 3.51 x 1.09	Embroidery		AFB	vrowinsky	002388
